--
-- PostgreSQL database dump
--

\restrict etvaKwsOtlb7pJVS7VpE0BzORhBMguapfEo50TSYsokQNHc5vfN9X0wCZfe3Dow

-- Dumped from database version 18.3
-- Dumped by pg_dump version 18.3

SET statement_timeout = 0;
SET lock_timeout = 0;
SET idle_in_transaction_session_timeout = 0;
SET transaction_timeout = 0;
SET client_encoding = 'UTF8';
SET standard_conforming_strings = on;
SELECT pg_catalog.set_config('search_path', '', false);
SET check_function_bodies = false;
SET xmloption = content;
SET client_min_messages = warning;
SET row_security = off;

SET default_tablespace = '';

SET default_table_access_method = heap;

--
-- Name: auth_group; Type: TABLE; Schema: public; Owner: myuser
--

CREATE TABLE public.auth_group (
    id integer NOT NULL,
    name character varying(150) NOT NULL
);


ALTER TABLE public.auth_group OWNER TO myuser;

--
-- Name: auth_group_id_seq; Type: SEQUENCE; Schema: public; Owner: myuser
--

ALTER TABLE public.auth_group ALTER COLUMN id ADD GENERATED BY DEFAULT AS IDENTITY (
    SEQUENCE NAME public.auth_group_id_seq
    START WITH 1
    INCREMENT BY 1
    NO MINVALUE
    NO MAXVALUE
    CACHE 1
);


--
-- Name: auth_group_permissions; Type: TABLE; Schema: public; Owner: myuser
--

CREATE TABLE public.auth_group_permissions (
    id bigint NOT NULL,
    group_id integer NOT NULL,
    permission_id integer NOT NULL
);


ALTER TABLE public.auth_group_permissions OWNER TO myuser;

--
-- Name: auth_group_permissions_id_seq; Type: SEQUENCE; Schema: public; Owner: myuser
--

ALTER TABLE public.auth_group_permissions ALTER COLUMN id ADD GENERATED BY DEFAULT AS IDENTITY (
    SEQUENCE NAME public.auth_group_permissions_id_seq
    START WITH 1
    INCREMENT BY 1
    NO MINVALUE
    NO MAXVALUE
    CACHE 1
);


--
-- Name: auth_permission; Type: TABLE; Schema: public; Owner: myuser
--

CREATE TABLE public.auth_permission (
    id integer NOT NULL,
    name character varying(255) NOT NULL,
    content_type_id integer NOT NULL,
    codename character varying(100) NOT NULL
);


ALTER TABLE public.auth_permission OWNER TO myuser;

--
-- Name: auth_permission_id_seq; Type: SEQUENCE; Schema: public; Owner: myuser
--

ALTER TABLE public.auth_permission ALTER COLUMN id ADD GENERATED BY DEFAULT AS IDENTITY (
    SEQUENCE NAME public.auth_permission_id_seq
    START WITH 1
    INCREMENT BY 1
    NO MINVALUE
    NO MAXVALUE
    CACHE 1
);


--
-- Name: auth_user; Type: TABLE; Schema: public; Owner: myuser
--

CREATE TABLE public.auth_user (
    id integer NOT NULL,
    password character varying(128) NOT NULL,
    last_login timestamp with time zone,
    is_superuser boolean NOT NULL,
    username character varying(150) NOT NULL,
    first_name character varying(150) NOT NULL,
    last_name character varying(150) NOT NULL,
    email character varying(254) NOT NULL,
    is_staff boolean NOT NULL,
    is_active boolean NOT NULL,
    date_joined timestamp with time zone NOT NULL
);


ALTER TABLE public.auth_user OWNER TO myuser;

--
-- Name: auth_user_groups; Type: TABLE; Schema: public; Owner: myuser
--

CREATE TABLE public.auth_user_groups (
    id bigint NOT NULL,
    user_id integer NOT NULL,
    group_id integer NOT NULL
);


ALTER TABLE public.auth_user_groups OWNER TO myuser;

--
-- Name: auth_user_groups_id_seq; Type: SEQUENCE; Schema: public; Owner: myuser
--

ALTER TABLE public.auth_user_groups ALTER COLUMN id ADD GENERATED BY DEFAULT AS IDENTITY (
    SEQUENCE NAME public.auth_user_groups_id_seq
    START WITH 1
    INCREMENT BY 1
    NO MINVALUE
    NO MAXVALUE
    CACHE 1
);


--
-- Name: auth_user_id_seq; Type: SEQUENCE; Schema: public; Owner: myuser
--

ALTER TABLE public.auth_user ALTER COLUMN id ADD GENERATED BY DEFAULT AS IDENTITY (
    SEQUENCE NAME public.auth_user_id_seq
    START WITH 1
    INCREMENT BY 1
    NO MINVALUE
    NO MAXVALUE
    CACHE 1
);


--
-- Name: auth_user_user_permissions; Type: TABLE; Schema: public; Owner: myuser
--

CREATE TABLE public.auth_user_user_permissions (
    id bigint NOT NULL,
    user_id integer NOT NULL,
    permission_id integer NOT NULL
);


ALTER TABLE public.auth_user_user_permissions OWNER TO myuser;

--
-- Name: auth_user_user_permissions_id_seq; Type: SEQUENCE; Schema: public; Owner: myuser
--

ALTER TABLE public.auth_user_user_permissions ALTER COLUMN id ADD GENERATED BY DEFAULT AS IDENTITY (
    SEQUENCE NAME public.auth_user_user_permissions_id_seq
    START WITH 1
    INCREMENT BY 1
    NO MINVALUE
    NO MAXVALUE
    CACHE 1
);


--
-- Name: digital_store_brand; Type: TABLE; Schema: public; Owner: myuser
--

CREATE TABLE public.digital_store_brand (
    id bigint NOT NULL,
    title character varying(100) NOT NULL,
    slug character varying(50)
);


ALTER TABLE public.digital_store_brand OWNER TO myuser;

--
-- Name: digital_store_brand_id_seq; Type: SEQUENCE; Schema: public; Owner: myuser
--

ALTER TABLE public.digital_store_brand ALTER COLUMN id ADD GENERATED BY DEFAULT AS IDENTITY (
    SEQUENCE NAME public.digital_store_brand_id_seq
    START WITH 1
    INCREMENT BY 1
    NO MINVALUE
    NO MAXVALUE
    CACHE 1
);


--
-- Name: digital_store_cart; Type: TABLE; Schema: public; Owner: myuser
--

CREATE TABLE public.digital_store_cart (
    id bigint NOT NULL,
    created_at timestamp with time zone NOT NULL,
    user_id integer NOT NULL
);


ALTER TABLE public.digital_store_cart OWNER TO myuser;

--
-- Name: digital_store_cart_id_seq; Type: SEQUENCE; Schema: public; Owner: myuser
--

ALTER TABLE public.digital_store_cart ALTER COLUMN id ADD GENERATED BY DEFAULT AS IDENTITY (
    SEQUENCE NAME public.digital_store_cart_id_seq
    START WITH 1
    INCREMENT BY 1
    NO MINVALUE
    NO MAXVALUE
    CACHE 1
);


--
-- Name: digital_store_category; Type: TABLE; Schema: public; Owner: myuser
--

CREATE TABLE public.digital_store_category (
    id bigint NOT NULL,
    title character varying(100) NOT NULL,
    icon character varying(100) NOT NULL,
    slug character varying(50)
);


ALTER TABLE public.digital_store_category OWNER TO myuser;

--
-- Name: digital_store_category_id_seq; Type: SEQUENCE; Schema: public; Owner: myuser
--

ALTER TABLE public.digital_store_category ALTER COLUMN id ADD GENERATED BY DEFAULT AS IDENTITY (
    SEQUENCE NAME public.digital_store_category_id_seq
    START WITH 1
    INCREMENT BY 1
    NO MINVALUE
    NO MAXVALUE
    CACHE 1
);


--
-- Name: digital_store_order; Type: TABLE; Schema: public; Owner: myuser
--

CREATE TABLE public.digital_store_order (
    id bigint NOT NULL,
    price integer NOT NULL,
    status character varying(30) NOT NULL,
    created_at timestamp with time zone NOT NULL,
    updated_at timestamp with time zone NOT NULL,
    user_id integer NOT NULL,
    address character varying(100) NOT NULL,
    comment text
);


ALTER TABLE public.digital_store_order OWNER TO myuser;

--
-- Name: digital_store_order_id_seq; Type: SEQUENCE; Schema: public; Owner: myuser
--

ALTER TABLE public.digital_store_order ALTER COLUMN id ADD GENERATED BY DEFAULT AS IDENTITY (
    SEQUENCE NAME public.digital_store_order_id_seq
    START WITH 1
    INCREMENT BY 1
    NO MINVALUE
    NO MAXVALUE
    CACHE 1
);


--
-- Name: digital_store_product; Type: TABLE; Schema: public; Owner: myuser
--

CREATE TABLE public.digital_store_product (
    id bigint NOT NULL,
    title character varying(200) NOT NULL,
    slug character varying(50),
    quantity integer NOT NULL,
    price integer NOT NULL,
    color_name character varying(50) NOT NULL,
    color_code character varying(50) NOT NULL,
    created_at timestamp with time zone,
    updated_at timestamp with time zone,
    discount integer NOT NULL,
    brand_id bigint NOT NULL,
    category_id bigint NOT NULL,
    description text,
    is_active boolean NOT NULL,
    characteristic text NOT NULL
);


ALTER TABLE public.digital_store_product OWNER TO myuser;

--
-- Name: digital_store_product_id_seq; Type: SEQUENCE; Schema: public; Owner: myuser
--

ALTER TABLE public.digital_store_product ALTER COLUMN id ADD GENERATED BY DEFAULT AS IDENTITY (
    SEQUENCE NAME public.digital_store_product_id_seq
    START WITH 1
    INCREMENT BY 1
    NO MINVALUE
    NO MAXVALUE
    CACHE 1
);


--
-- Name: digital_store_productcart; Type: TABLE; Schema: public; Owner: myuser
--

CREATE TABLE public.digital_store_productcart (
    id bigint NOT NULL,
    quantity integer NOT NULL,
    added_at timestamp with time zone NOT NULL,
    updated_at timestamp with time zone NOT NULL,
    cart_id bigint NOT NULL,
    product_id bigint NOT NULL
);


ALTER TABLE public.digital_store_productcart OWNER TO myuser;

--
-- Name: digital_store_productcart_id_seq; Type: SEQUENCE; Schema: public; Owner: myuser
--

ALTER TABLE public.digital_store_productcart ALTER COLUMN id ADD GENERATED BY DEFAULT AS IDENTITY (
    SEQUENCE NAME public.digital_store_productcart_id_seq
    START WITH 1
    INCREMENT BY 1
    NO MINVALUE
    NO MAXVALUE
    CACHE 1
);


--
-- Name: digital_store_productimage; Type: TABLE; Schema: public; Owner: myuser
--

CREATE TABLE public.digital_store_productimage (
    id bigint NOT NULL,
    image character varying(100) NOT NULL,
    product_id bigint NOT NULL
);


ALTER TABLE public.digital_store_productimage OWNER TO myuser;

--
-- Name: digital_store_productimage_id_seq; Type: SEQUENCE; Schema: public; Owner: myuser
--

ALTER TABLE public.digital_store_productimage ALTER COLUMN id ADD GENERATED BY DEFAULT AS IDENTITY (
    SEQUENCE NAME public.digital_store_productimage_id_seq
    START WITH 1
    INCREMENT BY 1
    NO MINVALUE
    NO MAXVALUE
    CACHE 1
);


--
-- Name: digital_store_productorder; Type: TABLE; Schema: public; Owner: myuser
--

CREATE TABLE public.digital_store_productorder (
    id bigint NOT NULL,
    quantity integer NOT NULL,
    created_at timestamp with time zone NOT NULL,
    order_id bigint NOT NULL,
    product_id bigint NOT NULL
);


ALTER TABLE public.digital_store_productorder OWNER TO myuser;

--
-- Name: digital_store_productorder_id_seq; Type: SEQUENCE; Schema: public; Owner: myuser
--

ALTER TABLE public.digital_store_productorder ALTER COLUMN id ADD GENERATED BY DEFAULT AS IDENTITY (
    SEQUENCE NAME public.digital_store_productorder_id_seq
    START WITH 1
    INCREMENT BY 1
    NO MINVALUE
    NO MAXVALUE
    CACHE 1
);


--
-- Name: digital_store_profileuser; Type: TABLE; Schema: public; Owner: myuser
--

CREATE TABLE public.digital_store_profileuser (
    id bigint NOT NULL,
    image character varying(100) NOT NULL,
    created_at timestamp with time zone NOT NULL,
    user_id integer NOT NULL
);


ALTER TABLE public.digital_store_profileuser OWNER TO myuser;

--
-- Name: digital_store_profileuser_id_seq; Type: SEQUENCE; Schema: public; Owner: myuser
--

ALTER TABLE public.digital_store_profileuser ALTER COLUMN id ADD GENERATED BY DEFAULT AS IDENTITY (
    SEQUENCE NAME public.digital_store_profileuser_id_seq
    START WITH 1
    INCREMENT BY 1
    NO MINVALUE
    NO MAXVALUE
    CACHE 1
);


--
-- Name: django_admin_log; Type: TABLE; Schema: public; Owner: myuser
--

CREATE TABLE public.django_admin_log (
    id integer NOT NULL,
    action_time timestamp with time zone NOT NULL,
    object_id text,
    object_repr character varying(200) NOT NULL,
    action_flag smallint NOT NULL,
    change_message text NOT NULL,
    content_type_id integer,
    user_id integer NOT NULL,
    CONSTRAINT django_admin_log_action_flag_check CHECK ((action_flag >= 0))
);


ALTER TABLE public.django_admin_log OWNER TO myuser;

--
-- Name: django_admin_log_id_seq; Type: SEQUENCE; Schema: public; Owner: myuser
--

ALTER TABLE public.django_admin_log ALTER COLUMN id ADD GENERATED BY DEFAULT AS IDENTITY (
    SEQUENCE NAME public.django_admin_log_id_seq
    START WITH 1
    INCREMENT BY 1
    NO MINVALUE
    NO MAXVALUE
    CACHE 1
);


--
-- Name: django_content_type; Type: TABLE; Schema: public; Owner: myuser
--

CREATE TABLE public.django_content_type (
    id integer NOT NULL,
    app_label character varying(100) NOT NULL,
    model character varying(100) NOT NULL
);


ALTER TABLE public.django_content_type OWNER TO myuser;

--
-- Name: django_content_type_id_seq; Type: SEQUENCE; Schema: public; Owner: myuser
--

ALTER TABLE public.django_content_type ALTER COLUMN id ADD GENERATED BY DEFAULT AS IDENTITY (
    SEQUENCE NAME public.django_content_type_id_seq
    START WITH 1
    INCREMENT BY 1
    NO MINVALUE
    NO MAXVALUE
    CACHE 1
);


--
-- Name: django_migrations; Type: TABLE; Schema: public; Owner: myuser
--

CREATE TABLE public.django_migrations (
    id bigint NOT NULL,
    app character varying(255) NOT NULL,
    name character varying(255) NOT NULL,
    applied timestamp with time zone NOT NULL
);


ALTER TABLE public.django_migrations OWNER TO myuser;

--
-- Name: django_migrations_id_seq; Type: SEQUENCE; Schema: public; Owner: myuser
--

ALTER TABLE public.django_migrations ALTER COLUMN id ADD GENERATED BY DEFAULT AS IDENTITY (
    SEQUENCE NAME public.django_migrations_id_seq
    START WITH 1
    INCREMENT BY 1
    NO MINVALUE
    NO MAXVALUE
    CACHE 1
);


--
-- Name: django_session; Type: TABLE; Schema: public; Owner: myuser
--

CREATE TABLE public.django_session (
    session_key character varying(40) NOT NULL,
    session_data text NOT NULL,
    expire_date timestamp with time zone NOT NULL
);


ALTER TABLE public.django_session OWNER TO myuser;

--
-- Data for Name: auth_group; Type: TABLE DATA; Schema: public; Owner: myuser
--

COPY public.auth_group (id, name) FROM stdin;
\.


--
-- Data for Name: auth_group_permissions; Type: TABLE DATA; Schema: public; Owner: myuser
--

COPY public.auth_group_permissions (id, group_id, permission_id) FROM stdin;
\.


--
-- Data for Name: auth_permission; Type: TABLE DATA; Schema: public; Owner: myuser
--

COPY public.auth_permission (id, name, content_type_id, codename) FROM stdin;
1	Can add log entry	1	add_logentry
2	Can change log entry	1	change_logentry
3	Can delete log entry	1	delete_logentry
4	Can view log entry	1	view_logentry
5	Can add permission	3	add_permission
6	Can change permission	3	change_permission
7	Can delete permission	3	delete_permission
8	Can view permission	3	view_permission
9	Can add group	2	add_group
10	Can change group	2	change_group
11	Can delete group	2	delete_group
12	Can view group	2	view_group
13	Can add user	4	add_user
14	Can change user	4	change_user
15	Can delete user	4	delete_user
16	Can view user	4	view_user
17	Can add content type	5	add_contenttype
18	Can change content type	5	change_contenttype
19	Can delete content type	5	delete_contenttype
20	Can view content type	5	view_contenttype
21	Can add session	6	add_session
22	Can change session	6	change_session
23	Can delete session	6	delete_session
24	Can view session	6	view_session
25	Can add Бренд	7	add_brand
26	Can change Бренд	7	change_brand
27	Can delete Бренд	7	delete_brand
28	Can view Бренд	7	view_brand
29	Can add Товар	9	add_product
30	Can change Товар	9	change_product
31	Can delete Товар	9	delete_product
32	Can view Товар	9	view_product
33	Can add Категорию	8	add_category
34	Can change Категорию	8	change_category
35	Can delete Категорию	8	delete_category
36	Can view Категорию	8	view_category
37	Can add Заказ	10	add_order
38	Can change Заказ	10	change_order
39	Can delete Заказ	10	delete_order
40	Can view Заказ	10	view_order
41	Can add product image	11	add_productimage
42	Can change product image	11	change_productimage
43	Can delete product image	11	delete_productimage
44	Can view product image	11	view_productimage
45	Can add Профиль пользователя	12	add_profileuser
46	Can change Профиль пользователя	12	change_profileuser
47	Can delete Профиль пользователя	12	delete_profileuser
48	Can view Профиль пользователя	12	view_profileuser
49	Can add Товар в корзине 	14	add_productcart
50	Can change Товар в корзине 	14	change_productcart
51	Can delete Товар в корзине 	14	delete_productcart
52	Can view Товар в корзине 	14	view_productcart
53	Can add Корзина	13	add_cart
54	Can change Корзина	13	change_cart
55	Can delete Корзина	13	delete_cart
56	Can view Корзина	13	view_cart
57	Can add product order	15	add_productorder
58	Can change product order	15	change_productorder
59	Can delete product order	15	delete_productorder
60	Can view product order	15	view_productorder
61	Can add delivery	16	add_delivery
62	Can change delivery	16	change_delivery
63	Can delete delivery	16	delete_delivery
64	Can view delivery	16	view_delivery
\.


--
-- Data for Name: auth_user; Type: TABLE DATA; Schema: public; Owner: myuser
--

COPY public.auth_user (id, password, last_login, is_superuser, username, first_name, last_name, email, is_staff, is_active, date_joined) FROM stdin;
1	pbkdf2_sha256$1200000$BVJSccMLFjf7duxn00F4LX$RJWahZZeHNALyZkTFXdG5Ftc9ldxCW+1kFJQMsaYRbM=	2026-05-13 12:59:55.357954+00	t	admin	Mirmuhammad	Mirafzalov	mirafzalovmirmuxammad@gmail.com	t	t	2026-04-14 12:51:33+00
12	pbkdf2_sha256$1200000$FkoCNDQvG4lxbcvpjTSjAD$vziWRCjTEZNvsu1LauLqt82bDxMRGgRl7khwcraOa28=	2026-05-01 11:01:33.963596+00	f	+998991111111	abror	abrorov	abror@gmail.com	f	t	2026-05-01 11:01:32.647094+00
11	pbkdf2_sha256$1200000$t6dQKqRlrZQYJbSkncAZXZ$WEwoGcrnFIoAZ/FOvFZgEPDxTxrElkCiz3rVHY2inKI=	2026-05-01 09:23:08.377792+00	f	+998999999999	amir	amirov	amir@gmail.com	f	t	2026-05-01 09:23:06.615151+00
2	pbkdf2_sha256$1200000$FoYARwMLWSkbwDQu53012j$uhy6pC1OgJ/7DnCKDCMpAPtJHWWXDWNbGLj2ymT9/zg=	2026-05-01 10:53:55.352162+00	f	+998996666666	Alex	Alexiev	alex@gamil.com	f	t	2026-04-17 14:38:38.74568+00
6	pbkdf2_sha256$1200000$g7RYvulJP1uttftkM0auf3$wdf4/iTf+TjmS10/kMQSKfRotHqgCgkL2I6tpFHb4nM=	2026-04-30 07:57:54.494159+00	f	Max	Макс	Максимов	Max@gmail.com	f	t	2026-04-30 07:57:53.042465+00
7	pbkdf2_sha256$1200000$0fW2p9K2f7tNwwAp2c1iYV$ZIh2g5rUDdXFyMCmA627Q2CjOEzksgVGmzpi2XaW4WM=	2026-05-13 12:59:11.85362+00	f	+998995556072	doni	doniey	doni@gamil.com	f	t	2026-04-30 12:14:56.475906+00
\.


--
-- Data for Name: auth_user_groups; Type: TABLE DATA; Schema: public; Owner: myuser
--

COPY public.auth_user_groups (id, user_id, group_id) FROM stdin;
\.


--
-- Data for Name: auth_user_user_permissions; Type: TABLE DATA; Schema: public; Owner: myuser
--

COPY public.auth_user_user_permissions (id, user_id, permission_id) FROM stdin;
\.


--
-- Data for Name: digital_store_brand; Type: TABLE DATA; Schema: public; Owner: myuser
--

COPY public.digital_store_brand (id, title, slug) FROM stdin;
1	Apple	apple
2	Samsung	samsung
3	Hp	hp
4	Hisense	hisense
5	LG	lg
6	Xiaomi	xiaomi
7	Midea	midea
8	Panasonic	panasonic
\.


--
-- Data for Name: digital_store_cart; Type: TABLE DATA; Schema: public; Owner: myuser
--

COPY public.digital_store_cart (id, created_at, user_id) FROM stdin;
1	2026-05-06 11:11:21.773843+00	1
2	2026-05-07 10:57:07.042761+00	7
\.


--
-- Data for Name: digital_store_category; Type: TABLE DATA; Schema: public; Owner: myuser
--

COPY public.digital_store_category (id, title, icon, slug) FROM stdin;
4	Телевизоры	icons/tv.svg	televizory
5	Холодильники	icons/refrigerator.svg	holodilniki
1	Смартфоны	icons/phone.svg	smartfony
2	Ноутбуки	icons/book_0tTcZk0.svg	noutbuki
19	Кондиционеры	icons/condition.svg	kondisioner
21	Фены	icons/fan_iJdd0YN.svg	feni
28	Стиральныые машины	icons/washing_eV4X4cE.svg	stiralnye-mashiny
\.


--
-- Data for Name: digital_store_order; Type: TABLE DATA; Schema: public; Owner: myuser
--

COPY public.digital_store_order (id, price, status, created_at, updated_at, user_id, address, comment) FROM stdin;
3	135479762	Pending	2026-05-12 11:44:52.399078+00	2026-05-12 11:44:52.399078+00	1	Алмазарский район	Рядом с магазином
4	135479762	Pending	2026-05-12 11:45:34.791944+00	2026-05-12 11:45:34.791944+00	1	Алмазарский район	Рядом с магазином
5	135479762	Pending	2026-05-12 11:50:01.183677+00	2026-05-12 11:50:01.183677+00	1	Алмазарский район	Рядом с магазином
6	18596500	Pending	2026-05-12 12:26:28.289465+00	2026-05-12 12:26:28.289465+00	1	Алмазарский район	
7	18596500	Pending	2026-05-12 12:32:28.428245+00	2026-05-12 12:32:28.428245+00	1	ул. Заркайнар, 6/1, Алмазарский район	fuhgfgds
8	18596500	Pending	2026-05-12 12:33:51.448442+00	2026-05-12 12:33:51.448442+00	1	ул. Заркайнар, 6/1, Алмазарский район	fuhgfgds
9	18596500	Pending	2026-05-12 12:37:03.876343+00	2026-05-12 12:37:03.876343+00	1	ул. Заркайнар, 6/1, Алмазарский район	fuhgfgds
10	18596500	Pending	2026-05-12 12:39:35.86765+00	2026-05-12 12:39:35.86765+00	1		
11	18596500	Pending	2026-05-12 12:40:04.054247+00	2026-05-12 12:40:04.054247+00	1		
12	18596500	Pending	2026-05-12 12:40:06.755748+00	2026-05-12 12:40:06.755748+00	1		
38	17780200	Pending	2026-05-13 12:05:42.368433+00	2026-05-13 12:05:42.368433+00	1	ASDF	класс
42	0	Pending	2026-05-13 12:20:29.997844+00	2026-05-13 12:20:29.997844+00	1	ASDF	класс
44	7558290	Pending	2026-05-13 12:25:55.559871+00	2026-05-13 12:25:55.559871+00	1	орпа	оправ
45	24577100	Pending	2026-05-13 12:54:59.494337+00	2026-05-13 12:54:59.494337+00	1	sf	dafs
46	0	Pending	2026-05-13 12:56:27.096455+00	2026-05-13 12:56:27.096455+00	1	sf	dafs
47	0	Pending	2026-05-13 12:56:31.723237+00	2026-05-13 12:56:31.723237+00	1	sf	dafs
48	0	Pending	2026-05-13 12:57:08.497362+00	2026-05-13 12:57:08.497362+00	1	sf	dafs
49	42357300	Pending	2026-05-13 12:59:26.07102+00	2026-05-13 12:59:26.07102+00	7	28, Bunyodkor Ave., Chilanzar district, Uzbekistan, Tashkent 100185	doni\r\n
50	18596500	Pending	2026-05-14 11:55:21.738114+00	2026-05-14 11:55:21.738114+00	1	Mirzo Ulugbek district, Amir Temur mahalla, Mirzo Bobur street 35, Tashkent, Uzbekistan	hnbfgvdc
51	24577100	Pending	2026-05-14 12:54:01.073633+00	2026-05-14 12:54:01.073633+00	1	выа	вапвр
52	24577100	Pending	2026-05-14 12:56:11.047297+00	2026-05-14 12:56:11.047297+00	1	апв	ап
53	18596500	Pending	2026-05-14 13:00:34.571173+00	2026-05-14 13:00:34.571173+00	1	авыпв	апи
54	18596500	Pending	2026-05-14 13:17:45.875327+00	2026-05-14 13:17:45.875327+00	1	dfgh	fdghg
55	17780200	Pending	2026-05-14 13:20:23.132037+00	2026-05-14 13:20:23.132037+00	1	hfgd	fds
56	0	Pending	2026-05-14 13:20:48.688783+00	2026-05-14 13:20:48.688783+00	1	hfgd	fds
57	0	Pending	2026-05-14 13:21:51.538393+00	2026-05-14 13:21:51.538393+00	1	hfgd	fds
58	17780200	Pending	2026-05-14 13:22:16.415454+00	2026-05-14 13:22:16.415454+00	1	rdgf	gbhj
59	0	Pending	2026-05-14 13:23:06.847835+00	2026-05-14 13:23:06.847835+00	1	rdgf	gbhj
60	0	Pending	2026-05-14 13:23:07.21879+00	2026-05-14 13:23:07.21879+00	1	rdgf	gbhj
61	0	Pending	2026-05-14 13:23:40.733447+00	2026-05-14 13:23:40.733447+00	1	rdgf	gbhj
62	0	Pending	2026-05-14 13:23:41.888037+00	2026-05-14 13:23:41.888037+00	1	rdgf	gbhj
63	14194806	Pending	2026-05-15 11:20:14.017473+00	2026-05-15 11:20:14.017473+00	1	wdefrg	dsfg
\.


--
-- Data for Name: digital_store_product; Type: TABLE DATA; Schema: public; Owner: myuser
--

COPY public.digital_store_product (id, title, slug, quantity, price, color_name, color_code, created_at, updated_at, discount, brand_id, category_id, description, is_active, characteristic) FROM stdin;
10	Смартфон SAMSUNG Galaxy S26+ 5G SM-S947B/DS (256GB) Black	smartfon-samsung-galaxy-s26-5g-sm-s947bds-256gb-bl	56	17780200	Чёрный	#000000	2026-04-20 13:22:06.349492+00	2026-05-14 13:22:16.427978+00	0	2	1	Представляем Galaxy S26 Ultra – телефон с AI, который оснащен оптимизированным процессором для улучшенного опыта использования, а также нашей самой яркой системой камер и встроенной функцией «Приватный дисплей», впервые в мире представленной на мобильном устройстве, – все это будет у вас под рукой каждый день для дополнительного удобства.	t	<div class="configuration-item" style="margin: 0px; padding: 0px 0px 15px; font-family: Gilroy, sans-serif; text-decoration-line: none; color: #283242; outline-width: 0px; border-radius: 0px; box-sizing: border-box; font-size: 16px; text-align: left; white-space: normal;">\r\n<div class="configuration-item-row-title" style="margin: 0px; padding: 0px; font-family: Gilroy, sans-serif; text-decoration-line: none; color: #283242; outline-width: 0px; border-radius: 0px; box-sizing: border-box; font-size: 16px;"><span style="margin: 0px; padding: 0px 0px 18px; font-family: Gilroy, sans-serif; font-weight: 500; text-decoration-line: none; color: inherit; outline-width: 0px; border-radius: 0px; box-sizing: border-box; font-size: 20px; line-height: 24px; display: block;">Общие</span></div>\r\n<div class="configuration-item-row-detail" style="margin: 0px; padding: 0px 0px 10px; font-family: Gilroy, sans-serif; text-decoration-line: none; color: #283242; outline-width: 0px; border-radius: 0px; box-sizing: border-box; font-size: 16px;">\r\n<div class="flex" style="margin: 0px; padding: 0px 0px 15px; font-family: Gilroy, sans-serif; text-decoration-line: none; color: #283242; outline-width: 0px; border-radius: 0px; box-sizing: border-box; font-size: 16px; display: flex; justify-content: space-between; align-items: flex-start; position: relative;"><span class="title" style="margin: 0px; padding: 0px; font-family: Gilroy, sans-serif; text-decoration-line: none; color: #8e939b; outline-width: 0px; border-radius: 0px; box-sizing: border-box; font-size: 16px; line-height: 22.4px; display: block; width: 322.5px;">Материал корпуса</span><span class="info" style="margin: 0px; padding: 0px; font-family: Gilroy, sans-serif; text-decoration-line: none; color: #283242; outline-width: 0px; border-radius: 0px; box-sizing: border-box; font-size: 16px; line-height: 22.4px; display: block; width: 322.5px; text-align: left;">Алюминий</span></div>\r\n<div class="flex" style="margin: 0px; padding: 0px 0px 15px; font-family: Gilroy, sans-serif; text-decoration-line: none; color: #283242; outline-width: 0px; border-radius: 0px; box-sizing: border-box; font-size: 16px; display: flex; justify-content: space-between; align-items: flex-start; position: relative;"><span class="title" style="margin: 0px; padding: 0px; font-family: Gilroy, sans-serif; text-decoration-line: none; color: #8e939b; outline-width: 0px; border-radius: 0px; box-sizing: border-box; font-size: 16px; line-height: 22.4px; display: block; width: 322.5px;">Тип SIM-карты</span><span class="info" style="margin: 0px; padding: 0px; font-family: Gilroy, sans-serif; text-decoration-line: none; color: #283242; outline-width: 0px; border-radius: 0px; box-sizing: border-box; font-size: 16px; line-height: 22.4px; display: block; width: 322.5px; text-align: left;">nano-SIM / eSim</span></div>\r\n<div class="flex" style="margin: 0px; padding: 0px 0px 15px; font-family: Gilroy, sans-serif; text-decoration-line: none; color: #283242; outline-width: 0px; border-radius: 0px; box-sizing: border-box; font-size: 16px; display: flex; justify-content: space-between; align-items: flex-start; position: relative;"><span class="title" style="margin: 0px; padding: 0px; font-family: Gilroy, sans-serif; text-decoration-line: none; color: #8e939b; outline-width: 0px; border-radius: 0px; box-sizing: border-box; font-size: 16px; line-height: 22.4px; display: block; width: 322.5px;">Защита корпуса</span><span class="info" style="margin: 0px; padding: 0px; font-family: Gilroy, sans-serif; text-decoration-line: none; color: #283242; outline-width: 0px; border-radius: 0px; box-sizing: border-box; font-size: 16px; line-height: 22.4px; display: block; width: 322.5px; text-align: left;">От пыли / От влаги</span></div>\r\n<div class="flex" style="margin: 0px; padding: 0px 0px 15px; font-family: Gilroy, sans-serif; text-decoration-line: none; color: #283242; outline-width: 0px; border-radius: 0px; box-sizing: border-box; font-size: 16px; display: flex; justify-content: space-between; align-items: flex-start; position: relative;"><span class="title" style="margin: 0px; padding: 0px; font-family: Gilroy, sans-serif; text-decoration-line: none; color: #8e939b; outline-width: 0px; border-radius: 0px; box-sizing: border-box; font-size: 16px; line-height: 22.4px; display: block; width: 322.5px;">В комплектации</span><span class="info" style="margin: 0px; padding: 0px; font-family: Gilroy, sans-serif; text-decoration-line: none; color: #283242; outline-width: 0px; border-radius: 0px; box-sizing: border-box; font-size: 16px; line-height: 22.4px; display: block; width: 322.5px; text-align: left;">Документация / Кабель USB Type-C</span></div>\r\n<div class="flex" style="margin: 0px; padding: 0px 0px 15px; font-family: Gilroy, sans-serif; text-decoration-line: none; color: #283242; outline-width: 0px; border-radius: 0px; box-sizing: border-box; font-size: 16px; display: flex; justify-content: space-between; align-items: flex-start; position: relative;"><span class="title" style="margin: 0px; padding: 0px; font-family: Gilroy, sans-serif; text-decoration-line: none; color: #8e939b; outline-width: 0px; border-radius: 0px; box-sizing: border-box; font-size: 16px; line-height: 22.4px; display: block; width: 322.5px;">Степень защиты</span><span class="info" style="margin: 0px; padding: 0px; font-family: Gilroy, sans-serif; text-decoration-line: none; color: #283242; outline-width: 0px; border-radius: 0px; box-sizing: border-box; font-size: 16px; line-height: 22.4px; display: block; width: 322.5px; text-align: left;">IP68</span></div>\r\n</div>\r\n</div>\r\n<div class="configuration-item" style="margin: 0px; padding: 0px 0px 15px; font-family: Gilroy, sans-serif; text-decoration-line: none; color: #283242; outline-width: 0px; border-radius: 0px; box-sizing: border-box; font-size: 16px; text-align: left; white-space: normal;">\r\n<div class="configuration-item-row-title" style="margin: 0px; padding: 0px; font-family: Gilroy, sans-serif; text-decoration-line: none; color: #283242; outline-width: 0px; border-radius: 0px; box-sizing: border-box; font-size: 16px;"><span style="margin: 0px; padding: 0px 0px 18px; font-family: Gilroy, sans-serif; font-weight: 500; text-decoration-line: none; color: inherit; outline-width: 0px; border-radius: 0px; box-sizing: border-box; font-size: 20px; line-height: 24px; display: block;">Процессор</span></div>\r\n<div class="configuration-item-row-detail" style="margin: 0px; padding: 0px 0px 10px; font-family: Gilroy, sans-serif; text-decoration-line: none; color: #283242; outline-width: 0px; border-radius: 0px; box-sizing: border-box; font-size: 16px;">\r\n<div class="flex" style="margin: 0px; padding: 0px 0px 15px; font-family: Gilroy, sans-serif; text-decoration-line: none; color: #283242; outline-width: 0px; border-radius: 0px; box-sizing: border-box; font-size: 16px; display: flex; justify-content: space-between; align-items: flex-start; position: relative;"><span class="title" style="margin: 0px; padding: 0px; font-family: Gilroy, sans-serif; text-decoration-line: none; color: #8e939b; outline-width: 0px; border-radius: 0px; box-sizing: border-box; font-size: 16px; line-height: 22.4px; display: block; width: 322.5px;">Тип процессора</span><span class="info" style="margin: 0px; padding: 0px; font-family: Gilroy, sans-serif; text-decoration-line: none; color: #283242; outline-width: 0px; border-radius: 0px; box-sizing: border-box; font-size: 16px; line-height: 22.4px; display: block; width: 322.5px; text-align: left;">Exynos 2600</span></div>\r\n<div class="flex" style="margin: 0px; padding: 0px 0px 15px; font-family: Gilroy, sans-serif; text-decoration-line: none; color: #283242; outline-width: 0px; border-radius: 0px; box-sizing: border-box; font-size: 16px; display: flex; justify-content: space-between; align-items: flex-start; position: relative;"><span class="title" style="margin: 0px; padding: 0px; font-family: Gilroy, sans-serif; text-decoration-line: none; color: #8e939b; outline-width: 0px; border-radius: 0px; box-sizing: border-box; font-size: 16px; line-height: 22.4px; display: block; width: 322.5px;">Количество ядер процессора</span><span class="info" style="margin: 0px; padding: 0px; font-family: Gilroy, sans-serif; text-decoration-line: none; color: #283242; outline-width: 0px; border-radius: 0px; box-sizing: border-box; font-size: 16px; line-height: 22.4px; display: block; width: 322.5px; text-align: left;">10</span></div>\r\n</div>\r\n</div>\r\n<div class="configuration-item" style="margin: 0px; padding: 0px 0px 15px; font-family: Gilroy, sans-serif; text-decoration-line: none; color: #283242; outline-width: 0px; border-radius: 0px; box-sizing: border-box; font-size: 16px; text-align: left; white-space: normal;">\r\n<div class="configuration-item-row-title" style="margin: 0px; padding: 0px; font-family: Gilroy, sans-serif; text-decoration-line: none; color: #283242; outline-width: 0px; border-radius: 0px; box-sizing: border-box; font-size: 16px;"><span style="margin: 0px; padding: 0px 0px 18px; font-family: Gilroy, sans-serif; font-weight: 500; text-decoration-line: none; color: inherit; outline-width: 0px; border-radius: 0px; box-sizing: border-box; font-size: 20px; line-height: 24px; display: block;">Память</span></div>\r\n<div class="configuration-item-row-detail" style="margin: 0px; padding: 0px 0px 10px; font-family: Gilroy, sans-serif; text-decoration-line: none; color: #283242; outline-width: 0px; border-radius: 0px; box-sizing: border-box; font-size: 16px;">\r\n<div class="flex" style="margin: 0px; padding: 0px 0px 15px; font-family: Gilroy, sans-serif; text-decoration-line: none; color: #283242; outline-width: 0px; border-radius: 0px; box-sizing: border-box; font-size: 16px; display: flex; justify-content: space-between; align-items: flex-start; position: relative;"><span class="title" style="margin: 0px; padding: 0px; font-family: Gilroy, sans-serif; text-decoration-line: none; color: #8e939b; outline-width: 0px; border-radius: 0px; box-sizing: border-box; font-size: 16px; line-height: 22.4px; display: block; width: 322.5px;">Объем оперативной памяти</span><span class="info" style="margin: 0px; padding: 0px; font-family: Gilroy, sans-serif; text-decoration-line: none; color: #283242; outline-width: 0px; border-radius: 0px; box-sizing: border-box; font-size: 16px; line-height: 22.4px; display: block; width: 322.5px; text-align: left;">12 ГБ</span></div>\r\n<div class="flex" style="margin: 0px; padding: 0px 0px 15px; font-family: Gilroy, sans-serif; text-decoration-line: none; color: #283242; outline-width: 0px; border-radius: 0px; box-sizing: border-box; font-size: 16px; display: flex; justify-content: space-between; align-items: flex-start; position: relative;"><span class="title" style="margin: 0px; padding: 0px; font-family: Gilroy, sans-serif; text-decoration-line: none; color: #8e939b; outline-width: 0px; border-radius: 0px; box-sizing: border-box; font-size: 16px; line-height: 22.4px; display: block; width: 322.5px;">Объем встроенной памяти</span><span class="info" style="margin: 0px; padding: 0px; font-family: Gilroy, sans-serif; text-decoration-line: none; color: #283242; outline-width: 0px; border-radius: 0px; box-sizing: border-box; font-size: 16px; line-height: 22.4px; display: block; width: 322.5px; text-align: left;">256 ГБ</span></div>\r\n<div class="flex" style="margin: 0px; padding: 0px 0px 15px; font-family: Gilroy, sans-serif; text-decoration-line: none; color: #283242; outline-width: 0px; border-radius: 0px; box-sizing: border-box; font-size: 16px; display: flex; justify-content: space-between; align-items: flex-start; position: relative;"><span class="title" style="margin: 0px; padding: 0px; font-family: Gilroy, sans-serif; text-decoration-line: none; color: #8e939b; outline-width: 0px; border-radius: 0px; box-sizing: border-box; font-size: 16px; line-height: 22.4px; display: block; width: 322.5px;">Слот для карты памяти</span><span class="info" style="margin: 0px; padding: 0px; font-family: Gilroy, sans-serif; text-decoration-line: none; color: #283242; outline-width: 0px; border-radius: 0px; box-sizing: border-box; font-size: 16px; line-height: 22.4px; display: block; width: 322.5px; text-align: left;">Нет</span></div>\r\n</div>\r\n</div>\r\n<div class="configuration-item" style="margin: 0px; padding: 0px 0px 15px; font-family: Gilroy, sans-serif; text-decoration-line: none; color: #283242; outline-width: 0px; border-radius: 0px; box-sizing: border-box; font-size: 16px; text-align: left; white-space: normal;">\r\n<div class="configuration-item-row-title" style="margin: 0px; padding: 0px; font-family: Gilroy, sans-serif; text-decoration-line: none; color: #283242; outline-width: 0px; border-radius: 0px; box-sizing: border-box; font-size: 16px;"><span style="margin: 0px; padding: 0px 0px 18px; font-family: Gilroy, sans-serif; font-weight: 500; text-decoration-line: none; color: inherit; outline-width: 0px; border-radius: 0px; box-sizing: border-box; font-size: 20px; line-height: 24px; display: block;">Дисплей</span></div>\r\n<div class="configuration-item-row-detail" style="margin: 0px; padding: 0px 0px 10px; font-family: Gilroy, sans-serif; text-decoration-line: none; color: #283242; outline-width: 0px; border-radius: 0px; box-sizing: border-box; font-size: 16px;">\r\n<div class="flex" style="margin: 0px; padding: 0px 0px 15px; font-family: Gilroy, sans-serif; text-decoration-line: none; color: #283242; outline-width: 0px; border-radius: 0px; box-sizing: border-box; font-size: 16px; display: flex; justify-content: space-between; align-items: flex-start; position: relative;"><span class="title" style="margin: 0px; padding: 0px; font-family: Gilroy, sans-serif; text-decoration-line: none; color: #8e939b; outline-width: 0px; border-radius: 0px; box-sizing: border-box; font-size: 16px; line-height: 22.4px; display: block; width: 322.5px;">Диагональ экрана</span><span class="info" style="margin: 0px; padding: 0px; font-family: Gilroy, sans-serif; text-decoration-line: none; color: #283242; outline-width: 0px; border-radius: 0px; box-sizing: border-box; font-size: 16px; line-height: 22.4px; display: block; width: 322.5px; text-align: left;">6.7" (17.03 см)</span></div>\r\n<div class="flex" style="margin: 0px; padding: 0px 0px 15px; font-family: Gilroy, sans-serif; text-decoration-line: none; color: #283242; outline-width: 0px; border-radius: 0px; box-sizing: border-box; font-size: 16px; display: flex; justify-content: space-between; align-items: flex-start; position: relative;"><span class="title" style="margin: 0px; padding: 0px; font-family: Gilroy, sans-serif; text-decoration-line: none; color: #8e939b; outline-width: 0px; border-radius: 0px; box-sizing: border-box; font-size: 16px; line-height: 22.4px; display: block; width: 322.5px;">Разрешение</span><span class="info" style="margin: 0px; padding: 0px; font-family: Gilroy, sans-serif; text-decoration-line: none; color: #283242; outline-width: 0px; border-radius: 0px; box-sizing: border-box; font-size: 16px; line-height: 22.4px; display: block; width: 322.5px; text-align: left;">3120 &times; 1440 (Quad HD+)</span></div>\r\n<div class="flex" style="margin: 0px; padding: 0px 0px 15px; font-family: Gilroy, sans-serif; text-decoration-line: none; color: #283242; outline-width: 0px; border-radius: 0px; box-sizing: border-box; font-size: 16px; display: flex; justify-content: space-between; align-items: flex-start; position: relative;"><span class="title" style="margin: 0px; padding: 0px; font-family: Gilroy, sans-serif; text-decoration-line: none; color: #8e939b; outline-width: 0px; border-radius: 0px; box-sizing: border-box; font-size: 16px; line-height: 22.4px; display: block; width: 322.5px;">Тип дисплея</span><span class="info" style="margin: 0px; padding: 0px; font-family: Gilroy, sans-serif; text-decoration-line: none; color: #283242; outline-width: 0px; border-radius: 0px; box-sizing: border-box; font-size: 16px; line-height: 22.4px; display: block; width: 322.5px; text-align: left;">Dynamic AMOLED</span></div>\r\n<div class="flex" style="margin: 0px; padding: 0px 0px 15px; font-family: Gilroy, sans-serif; text-decoration-line: none; color: #283242; outline-width: 0px; border-radius: 0px; box-sizing: border-box; font-size: 16px; display: flex; justify-content: space-between; align-items: flex-start; position: relative;"><span class="title" style="margin: 0px; padding: 0px; font-family: Gilroy, sans-serif; text-decoration-line: none; color: #8e939b; outline-width: 0px; border-radius: 0px; box-sizing: border-box; font-size: 16px; line-height: 22.4px; display: block; width: 322.5px;">Частота смены кадров, Гц</span><span class="info" style="margin: 0px; padding: 0px; font-family: Gilroy, sans-serif; text-decoration-line: none; color: #283242; outline-width: 0px; border-radius: 0px; box-sizing: border-box; font-size: 16px; line-height: 22.4px; display: block; width: 322.5px; text-align: left;">120 Гц</span></div>\r\n<div class="flex" style="margin: 0px; padding: 0px 0px 15px; font-family: Gilroy, sans-serif; text-decoration-line: none; color: #283242; outline-width: 0px; border-radius: 0px; box-sizing: border-box; font-size: 16px; display: flex; justify-content: space-between; align-items: flex-start; position: relative;"><span class="title" style="margin: 0px; padding: 0px; font-family: Gilroy, sans-serif; text-decoration-line: none; color: #8e939b; outline-width: 0px; border-radius: 0px; box-sizing: border-box; font-size: 16px; line-height: 22.4px; display: block; width: 322.5px;">Яркость</span><span class="info" style="margin: 0px; padding: 0px; font-family: Gilroy, sans-serif; text-decoration-line: none; color: #283242; outline-width: 0px; border-radius: 0px; box-sizing: border-box; font-size: 16px; line-height: 22.4px; display: block; width: 322.5px; text-align: left;">2600 нит</span></div>\r\n</div>\r\n</div>\r\n<div class="configuration-item" style="margin: 0px; padding: 0px 0px 15px; font-family: Gilroy, sans-serif; text-decoration-line: none; color: #283242; outline-width: 0px; border-radius: 0px; box-sizing: border-box; font-size: 16px; text-align: left; white-space: normal;">\r\n<div class="configuration-item-row-title" style="margin: 0px; padding: 0px; font-family: Gilroy, sans-serif; text-decoration-line: none; color: #283242; outline-width: 0px; border-radius: 0px; box-sizing: border-box; font-size: 16px;"><span style="margin: 0px; padding: 0px 0px 18px; font-family: Gilroy, sans-serif; font-weight: 500; text-decoration-line: none; color: inherit; outline-width: 0px; border-radius: 0px; box-sizing: border-box; font-size: 20px; line-height: 24px; display: block;">Стандарт связи/интернет</span></div>\r\n<div class="configuration-item-row-detail" style="margin: 0px; padding: 0px 0px 10px; font-family: Gilroy, sans-serif; text-decoration-line: none; color: #283242; outline-width: 0px; border-radius: 0px; box-sizing: border-box; font-size: 16px;">\r\n<div class="flex" style="margin: 0px; padding: 0px 0px 15px; font-family: Gilroy, sans-serif; text-decoration-line: none; color: #283242; outline-width: 0px; border-radius: 0px; box-sizing: border-box; font-size: 16px; display: flex; justify-content: space-between; align-items: flex-start; position: relative;"><span class="title" style="margin: 0px; padding: 0px; font-family: Gilroy, sans-serif; text-decoration-line: none; color: #8e939b; outline-width: 0px; border-radius: 0px; box-sizing: border-box; font-size: 16px; line-height: 22.4px; display: block; width: 322.5px;">Стандарт связи</span><span class="info" style="margin: 0px; padding: 0px; font-family: Gilroy, sans-serif; text-decoration-line: none; color: #283242; outline-width: 0px; border-radius: 0px; box-sizing: border-box; font-size: 16px; line-height: 22.4px; display: block; width: 322.5px; text-align: left;">2G / 3G / 4G / 5G</span></div>\r\n<div class="flex" style="margin: 0px; padding: 0px 0px 15px; font-family: Gilroy, sans-serif; text-decoration-line: none; color: #283242; outline-width: 0px; border-radius: 0px; box-sizing: border-box; font-size: 16px; display: flex; justify-content: space-between; align-items: flex-start; position: relative;"><span class="title" style="margin: 0px; padding: 0px; font-family: Gilroy, sans-serif; text-decoration-line: none; color: #8e939b; outline-width: 0px; border-radius: 0px; box-sizing: border-box; font-size: 16px; line-height: 22.4px; display: block; width: 322.5px;">Поддержка Wi-Fi</span><span class="info" style="margin: 0px; padding: 0px; font-family: Gilroy, sans-serif; text-decoration-line: none; color: #283242; outline-width: 0px; border-radius: 0px; box-sizing: border-box; font-size: 16px; line-height: 22.4px; display: block; width: 322.5px; text-align: left;">Wi-Fi 7 (802.11 a/b/g/n/ac/ax/be)</span></div>\r\n<div class="flex" style="margin: 0px; padding: 0px 0px 15px; font-family: Gilroy, sans-serif; text-decoration-line: none; color: #283242; outline-width: 0px; border-radius: 0px; box-sizing: border-box; font-size: 16px; display: flex; justify-content: space-between; align-items: flex-start; position: relative;"><span class="title" style="margin: 0px; padding: 0px; font-family: Gilroy, sans-serif; text-decoration-line: none; color: #8e939b; outline-width: 0px; border-radius: 0px; box-sizing: border-box; font-size: 16px; line-height: 22.4px; display: block; width: 322.5px;">Bluetooth</span><span class="info" style="margin: 0px; padding: 0px; font-family: Gilroy, sans-serif; text-decoration-line: none; color: #283242; outline-width: 0px; border-radius: 0px; box-sizing: border-box; font-size: 16px; line-height: 22.4px; display: block; width: 322.5px; text-align: left;">5.4</span></div>\r\n<div class="flex" style="margin: 0px; padding: 0px 0px 15px; font-family: Gilroy, sans-serif; text-decoration-line: none; color: #283242; outline-width: 0px; border-radius: 0px; box-sizing: border-box; font-size: 16px; display: flex; justify-content: space-between; align-items: flex-start; position: relative;"><span class="title" style="margin: 0px; padding: 0px; font-family: Gilroy, sans-serif; text-decoration-line: none; color: #8e939b; outline-width: 0px; border-radius: 0px; box-sizing: border-box; font-size: 16px; line-height: 22.4px; display: block; width: 322.5px;">GPS-модуль</span><span class="info" style="margin: 0px; padding: 0px; font-family: Gilroy, sans-serif; text-decoration-line: none; color: #283242; outline-width: 0px; border-radius: 0px; box-sizing: border-box; font-size: 16px; line-height: 22.4px; display: block; width: 322.5px; text-align: left;">GPS / GLONASS / GALILEO / BDS / QZSS</span></div>\r\n</div>\r\n</div>\r\n<div class="configuration-item" style="margin: 0px; padding: 0px 0px 15px; font-family: Gilroy, sans-serif; text-decoration-line: none; color: #283242; outline-width: 0px; border-radius: 0px; box-sizing: border-box; font-size: 16px; text-align: left; white-space: normal;">\r\n<div class="configuration-item-row-title" style="margin: 0px; padding: 0px; font-family: Gilroy, sans-serif; text-decoration-line: none; color: #283242; outline-width: 0px; border-radius: 0px; box-sizing: border-box; font-size: 16px;"><span style="margin: 0px; padding: 0px 0px 18px; font-family: Gilroy, sans-serif; font-weight: 500; text-decoration-line: none; color: inherit; outline-width: 0px; border-radius: 0px; box-sizing: border-box; font-size: 20px; line-height: 24px; display: block;">Камера</span></div>\r\n<div class="configuration-item-row-detail" style="margin: 0px; padding: 0px 0px 10px; font-family: Gilroy, sans-serif; text-decoration-line: none; color: #283242; outline-width: 0px; border-radius: 0px; box-sizing: border-box; font-size: 16px;">\r\n<div class="flex" style="margin: 0px; padding: 0px 0px 15px; font-family: Gilroy, sans-serif; text-decoration-line: none; color: #283242; outline-width: 0px; border-radius: 0px; box-sizing: border-box; font-size: 16px; display: flex; justify-content: space-between; align-items: flex-start; position: relative;"><span class="title" style="margin: 0px; padding: 0px; font-family: Gilroy, sans-serif; text-decoration-line: none; color: #8e939b; outline-width: 0px; border-radius: 0px; box-sizing: border-box; font-size: 16px; line-height: 22.4px; display: block; width: 322.5px;">Разрешение основной камеры, МП</span><span class="info" style="margin: 0px; padding: 0px; font-family: Gilroy, sans-serif; text-decoration-line: none; color: #283242; outline-width: 0px; border-radius: 0px; box-sizing: border-box; font-size: 16px; line-height: 22.4px; display: block; width: 322.5px; text-align: left;">50+10+12</span></div>\r\n<div class="flex" style="margin: 0px; padding: 0px 0px 15px; font-family: Gilroy, sans-serif; text-decoration-line: none; color: #283242; outline-width: 0px; border-radius: 0px; box-sizing: border-box; font-size: 16px; display: flex; justify-content: space-between; align-items: flex-start; position: relative;"><span class="title" style="margin: 0px; padding: 0px; font-family: Gilroy, sans-serif; text-decoration-line: none; color: #8e939b; outline-width: 0px; border-radius: 0px; box-sizing: border-box; font-size: 16px; line-height: 22.4px; display: block; width: 322.5px;">Разрешение фронтальной камеры, МП</span><span class="info" style="margin: 0px; padding: 0px; font-family: Gilroy, sans-serif; text-decoration-line: none; color: #283242; outline-width: 0px; border-radius: 0px; box-sizing: border-box; font-size: 16px; line-height: 22.4px; display: block; width: 322.5px; text-align: left;">12</span></div>\r\n<div class="flex" style="margin: 0px; padding: 0px 0px 15px; font-family: Gilroy, sans-serif; text-decoration-line: none; color: #283242; outline-width: 0px; border-radius: 0px; box-sizing: border-box; font-size: 16px; display: flex; justify-content: space-between; align-items: flex-start; position: relative;"><span class="title" style="margin: 0px; padding: 0px; font-family: Gilroy, sans-serif; text-decoration-line: none; color: #8e939b; outline-width: 0px; border-radius: 0px; box-sizing: border-box; font-size: 16px; line-height: 22.4px; display: block; width: 322.5px;">Стабилизация изображения</span><span class="info" style="margin: 0px; padding: 0px; font-family: Gilroy, sans-serif; text-decoration-line: none; color: #283242; outline-width: 0px; border-radius: 0px; box-sizing: border-box; font-size: 16px; line-height: 22.4px; display: block; width: 322.5px; text-align: left;">Оптическая</span></div>\r\n<div class="flex" style="margin: 0px; padding: 0px 0px 15px; font-family: Gilroy, sans-serif; text-decoration-line: none; color: #283242; outline-width: 0px; border-radius: 0px; box-sizing: border-box; font-size: 16px; display: flex; justify-content: space-between; align-items: flex-start; position: relative;"><span class="title" style="margin: 0px; padding: 0px; font-family: Gilroy, sans-serif; text-decoration-line: none; color: #8e939b; outline-width: 0px; border-radius: 0px; box-sizing: border-box; font-size: 16px; line-height: 22.4px; display: block; width: 322.5px;">Максимальное разрешение видеосъемки</span><span class="info" style="margin: 0px; padding: 0px; font-family: Gilroy, sans-serif; text-decoration-line: none; color: #283242; outline-width: 0px; border-radius: 0px; box-sizing: border-box; font-size: 16px; line-height: 22.4px; display: block; width: 322.5px; text-align: left;">7680 &times; 4320 (8K)</span></div>\r\n<div class="flex" style="margin: 0px; padding: 0px 0px 15px; font-family: Gilroy, sans-serif; text-decoration-line: none; color: #283242; outline-width: 0px; border-radius: 0px; box-sizing: border-box; font-size: 16px; display: flex; justify-content: space-between; align-items: flex-start; position: relative;"><span class="title" style="margin: 0px; padding: 0px; font-family: Gilroy, sans-serif; text-decoration-line: none; color: #8e939b; outline-width: 0px; border-radius: 0px; box-sizing: border-box; font-size: 16px; line-height: 22.4px; display: block; width: 322.5px;">Автофокус</span><span class="info" style="margin: 0px; padding: 0px; font-family: Gilroy, sans-serif; text-decoration-line: none; color: #283242; outline-width: 0px; border-radius: 0px; box-sizing: border-box; font-size: 16px; line-height: 22.4px; display: block; width: 322.5px; text-align: left;">Фазовый</span></div>\r\n<div class="flex" style="margin: 0px; padding: 0px 0px 15px; font-family: Gilroy, sans-serif; text-decoration-line: none; color: #283242; outline-width: 0px; border-radius: 0px; box-sizing: border-box; font-size: 16px; display: flex; justify-content: space-between; align-items: flex-start; position: relative;"><span class="title" style="margin: 0px; padding: 0px; font-family: Gilroy, sans-serif; text-decoration-line: none; color: #8e939b; outline-width: 0px; border-radius: 0px; box-sizing: border-box; font-size: 16px; line-height: 22.4px; display: block; width: 322.5px;">Вспышка</span><span class="info" style="margin: 0px; padding: 0px; font-family: Gilroy, sans-serif; text-decoration-line: none; color: #283242; outline-width: 0px; border-radius: 0px; box-sizing: border-box; font-size: 16px; line-height: 22.4px; display: block; width: 322.5px; text-align: left;">Одинарная LED</span></div>\r\n</div>\r\n</div>\r\n<div class="configuration-item" style="margin: 0px; padding: 0px 0px 15px; font-family: Gilroy, sans-serif; text-decoration-line: none; color: #283242; outline-width: 0px; border-radius: 0px; box-sizing: border-box; font-size: 16px; text-align: left; white-space: normal;">\r\n<div class="configuration-item-row-title" style="margin: 0px; padding: 0px; font-family: Gilroy, sans-serif; text-decoration-line: none; color: #283242; outline-width: 0px; border-radius: 0px; box-sizing: border-box; font-size: 16px;"><span style="margin: 0px; padding: 0px 0px 18px; font-family: Gilroy, sans-serif; font-weight: 500; text-decoration-line: none; color: inherit; outline-width: 0px; border-radius: 0px; box-sizing: border-box; font-size: 20px; line-height: 24px; display: block;">Датчики</span></div>\r\n<div class="configuration-item-row-detail" style="margin: 0px; padding: 0px 0px 10px; font-family: Gilroy, sans-serif; text-decoration-line: none; color: #283242; outline-width: 0px; border-radius: 0px; box-sizing: border-box; font-size: 16px;">\r\n<div class="flex" style="margin: 0px; padding: 0px 0px 15px; font-family: Gilroy, sans-serif; text-decoration-line: none; color: #283242; outline-width: 0px; border-radius: 0px; box-sizing: border-box; font-size: 16px; display: flex; justify-content: space-between; align-items: flex-start; position: relative;"><span class="title" style="margin: 0px; padding: 0px; font-family: Gilroy, sans-serif; text-decoration-line: none; color: #8e939b; outline-width: 0px; border-radius: 0px; box-sizing: border-box; font-size: 16px; line-height: 22.4px; display: block; width: 322.5px;">Наличие датчиков</span><span class="info" style="margin: 0px; padding: 0px; font-family: Gilroy, sans-serif; text-decoration-line: none; color: #283242; outline-width: 0px; border-radius: 0px; box-sizing: border-box; font-size: 16px; line-height: 22.4px; display: block; width: 322.5px; text-align: left;">Гироскоп / Компас / Акселерометр / Барометр / Датчик отпечатков пальцев / Датчик приближения / Сканер отпечатка пальца</span></div>\r\n<div class="flex" style="margin: 0px; padding: 0px 0px 15px; font-family: Gilroy, sans-serif; text-decoration-line: none; color: #283242; outline-width: 0px; border-radius: 0px; box-sizing: border-box; font-size: 16px; display: flex; justify-content: space-between; align-items: flex-start; position: relative;"><span class="title" style="margin: 0px; padding: 0px; font-family: Gilroy, sans-serif; text-decoration-line: none; color: #8e939b; outline-width: 0px; border-radius: 0px; box-sizing: border-box; font-size: 16px; line-height: 22.4px; display: block; width: 322.5px;">NFC</span><span class="info" style="margin: 0px; padding: 0px; font-family: Gilroy, sans-serif; text-decoration-line: none; color: #283242; outline-width: 0px; border-radius: 0px; box-sizing: border-box; font-size: 16px; line-height: 22.4px; display: block; width: 322.5px; text-align: left;">Есть</span></div>\r\n</div>\r\n</div>\r\n<div class="configuration-item" style="margin: 0px; padding: 0px 0px 15px; font-family: Gilroy, sans-serif; text-decoration-line: none; color: #283242; outline-width: 0px; border-radius: 0px; box-sizing: border-box; font-size: 16px; text-align: left; white-space: normal;">\r\n<div class="configuration-item-row-title" style="margin: 0px; padding: 0px; font-family: Gilroy, sans-serif; text-decoration-line: none; color: #283242; outline-width: 0px; border-radius: 0px; box-sizing: border-box; font-size: 16px;"><span style="margin: 0px; padding: 0px 0px 18px; font-family: Gilroy, sans-serif; font-weight: 500; text-decoration-line: none; color: inherit; outline-width: 0px; border-radius: 0px; box-sizing: border-box; font-size: 20px; line-height: 24px; display: block;">Питание</span></div>\r\n<div class="configuration-item-row-detail" style="margin: 0px; padding: 0px 0px 10px; font-family: Gilroy, sans-serif; text-decoration-line: none; color: #283242; outline-width: 0px; border-radius: 0px; box-sizing: border-box; font-size: 16px;">\r\n<div class="flex" style="margin: 0px; padding: 0px 0px 15px; font-family: Gilroy, sans-serif; text-decoration-line: none; color: #283242; outline-width: 0px; border-radius: 0px; box-sizing: border-box; font-size: 16px; display: flex; justify-content: space-between; align-items: flex-start; position: relative;"><span class="title" style="margin: 0px; padding: 0px; font-family: Gilroy, sans-serif; text-decoration-line: none; color: #8e939b; outline-width: 0px; border-radius: 0px; box-sizing: border-box; font-size: 16px; line-height: 22.4px; display: block; width: 322.5px;">Емкость аккумулятора</span><span class="info" style="margin: 0px; padding: 0px; font-family: Gilroy, sans-serif; text-decoration-line: none; color: #283242; outline-width: 0px; border-radius: 0px; box-sizing: border-box; font-size: 16px; line-height: 22.4px; display: block; width: 322.5px; text-align: left;">4900 мАч</span></div>\r\n<div class="flex" style="margin: 0px; padding: 0px 0px 15px; font-family: Gilroy, sans-serif; text-decoration-line: none; color: #283242; outline-width: 0px; border-radius: 0px; box-sizing: border-box; font-size: 16px; display: flex; justify-content: space-between; align-items: flex-start; position: relative;"><span class="title" style="margin: 0px; padding: 0px; font-family: Gilroy, sans-serif; text-decoration-line: none; color: #8e939b; outline-width: 0px; border-radius: 0px; box-sizing: border-box; font-size: 16px; line-height: 22.4px; display: block; width: 322.5px;">Тип аккумулятора</span><span class="info" style="margin: 0px; padding: 0px; font-family: Gilroy, sans-serif; text-decoration-line: none; color: #283242; outline-width: 0px; border-radius: 0px; box-sizing: border-box; font-size: 16px; line-height: 22.4px; display: block; width: 322.5px; text-align: left;">Литий-ионный (Li-Ion)</span></div>\r\n<div class="flex" style="margin: 0px; padding: 0px 0px 15px; font-family: Gilroy, sans-serif; text-decoration-line: none; color: #283242; outline-width: 0px; border-radius: 0px; box-sizing: border-box; font-size: 16px; display: flex; justify-content: space-between; align-items: flex-start; position: relative;"><span class="title" style="margin: 0px; padding: 0px; font-family: Gilroy, sans-serif; text-decoration-line: none; color: #8e939b; outline-width: 0px; border-radius: 0px; box-sizing: border-box; font-size: 16px; line-height: 22.4px; display: block; width: 322.5px;">Быстрая зарядка</span><span class="info" style="margin: 0px; padding: 0px; font-family: Gilroy, sans-serif; text-decoration-line: none; color: #283242; outline-width: 0px; border-radius: 0px; box-sizing: border-box; font-size: 16px; line-height: 22.4px; display: block; width: 322.5px; text-align: left;">Есть</span></div>\r\n<div class="flex" style="margin: 0px; padding: 0px 0px 15px; font-family: Gilroy, sans-serif; text-decoration-line: none; color: #283242; outline-width: 0px; border-radius: 0px; box-sizing: border-box; font-size: 16px; display: flex; justify-content: space-between; align-items: flex-start; position: relative;"><span class="title" style="margin: 0px; padding: 0px; font-family: Gilroy, sans-serif; text-decoration-line: none; color: #8e939b; outline-width: 0px; border-radius: 0px; box-sizing: border-box; font-size: 16px; line-height: 22.4px; display: block; width: 322.5px;">Беспроводная зарядка</span><span class="info" style="margin: 0px; padding: 0px; font-family: Gilroy, sans-serif; text-decoration-line: none; color: #283242; outline-width: 0px; border-radius: 0px; box-sizing: border-box; font-size: 16px; line-height: 22.4px; display: block; width: 322.5px; text-align: left;">Есть</span></div>\r\n</div>\r\n</div>\r\n<div class="configuration-item" style="margin: 0px; padding: 0px 0px 15px; font-family: Gilroy, sans-serif; text-decoration-line: none; color: #283242; outline-width: 0px; border-radius: 0px; box-sizing: border-box; font-size: 16px; text-align: left; white-space: normal;">\r\n<div class="configuration-item-row-title" style="margin: 0px; padding: 0px; font-family: Gilroy, sans-serif; text-decoration-line: none; color: #283242; outline-width: 0px; border-radius: 0px; box-sizing: border-box; font-size: 16px;"><span style="margin: 0px; padding: 0px 0px 18px; font-family: Gilroy, sans-serif; font-weight: 500; text-decoration-line: none; color: inherit; outline-width: 0px; border-radius: 0px; box-sizing: border-box; font-size: 20px; line-height: 24px; display: block;">Габариты и вес</span></div>\r\n<div class="configuration-item-row-detail" style="margin: 0px; padding: 0px 0px 10px; font-family: Gilroy, sans-serif; text-decoration-line: none; color: #283242; outline-width: 0px; border-radius: 0px; box-sizing: border-box; font-size: 16px;">\r\n<div class="flex" style="margin: 0px; padding: 0px 0px 15px; font-family: Gilroy, sans-serif; text-decoration-line: none; color: #283242; outline-width: 0px; border-radius: 0px; box-sizing: border-box; font-size: 16px; display: flex; justify-content: space-between; align-items: flex-start; position: relative;"><span class="title" style="margin: 0px; padding: 0px; font-family: Gilroy, sans-serif; text-decoration-line: none; color: #8e939b; outline-width: 0px; border-radius: 0px; box-sizing: border-box; font-size: 16px; line-height: 22.4px; display: block; width: 322.5px;">Вес</span><span class="info" style="margin: 0px; padding: 0px; font-family: Gilroy, sans-serif; text-decoration-line: none; color: #283242; outline-width: 0px; border-radius: 0px; box-sizing: border-box; font-size: 16px; line-height: 22.4px; display: block; width: 322.5px; text-align: left;">190 г</span></div>\r\n<div class="flex" style="margin: 0px; padding: 0px 0px 15px; font-family: Gilroy, sans-serif; text-decoration-line: none; color: #283242; outline-width: 0px; border-radius: 0px; box-sizing: border-box; font-size: 16px; display: flex; justify-content: space-between; align-items: flex-start; position: relative;"><span class="title" style="margin: 0px; padding: 0px; font-family: Gilroy, sans-serif; text-decoration-line: none; color: #8e939b; outline-width: 0px; border-radius: 0px; box-sizing: border-box; font-size: 16px; line-height: 22.4px; display: block; width: 322.5px;">Ширина</span><span class="info" style="margin: 0px; padding: 0px; font-family: Gilroy, sans-serif; text-decoration-line: none; color: #283242; outline-width: 0px; border-radius: 0px; box-sizing: border-box; font-size: 16px; line-height: 22.4px; display: block; width: 322.5px; text-align: left;">75.8 мм</span></div>\r\n<div class="flex" style="margin: 0px; padding: 0px 0px 15px; font-family: Gilroy, sans-serif; text-decoration-line: none; color: #283242; outline-width: 0px; border-radius: 0px; box-sizing: border-box; font-size: 16px; display: flex; justify-content: space-between; align-items: flex-start; position: relative;"><span class="title" style="margin: 0px; padding: 0px; font-family: Gilroy, sans-serif; text-decoration-line: none; color: #8e939b; outline-width: 0px; border-radius: 0px; box-sizing: border-box; font-size: 16px; line-height: 22.4px; display: block; width: 322.5px;">Высота</span><span class="info" style="margin: 0px; padding: 0px; font-family: Gilroy, sans-serif; text-decoration-line: none; color: #283242; outline-width: 0px; border-radius: 0px; box-sizing: border-box; font-size: 16px; line-height: 22.4px; display: block; width: 322.5px; text-align: left;">158.4 мм</span></div>\r\n<div class="flex" style="margin: 0px; padding: 0px 0px 15px; font-family: Gilroy, sans-serif; text-decoration-line: none; color: #283242; outline-width: 0px; border-radius: 0px; box-sizing: border-box; font-size: 16px; display: flex; justify-content: space-between; align-items: flex-start; position: relative;"><span class="title" style="margin: 0px; padding: 0px; font-family: Gilroy, sans-serif; text-decoration-line: none; color: #8e939b; outline-width: 0px; border-radius: 0px; box-sizing: border-box; font-size: 16px; line-height: 22.4px; display: block; width: 322.5px;">Глубина</span><span class="info" style="margin: 0px; padding: 0px; font-family: Gilroy, sans-serif; text-decoration-line: none; color: #283242; outline-width: 0px; border-radius: 0px; box-sizing: border-box; font-size: 16px; line-height: 22.4px; display: block; width: 322.5px; text-align: left;">7.3 мм</span></div>\r\n</div>\r\n</div>\r\n<div class="configuration-item" style="margin: 0px; padding: 0px 0px 15px; font-family: Gilroy, sans-serif; text-decoration-line: none; color: #283242; outline-width: 0px; border-radius: 0px; box-sizing: border-box; font-size: 16px; text-align: left; white-space: normal;">\r\n<div class="configuration-item-row-title" style="margin: 0px; padding: 0px; font-family: Gilroy, sans-serif; text-decoration-line: none; color: #283242; outline-width: 0px; border-radius: 0px; box-sizing: border-box; font-size: 16px;"><span style="margin: 0px; padding: 0px 0px 18px; font-family: Gilroy, sans-serif; font-weight: 500; text-decoration-line: none; color: inherit; outline-width: 0px; border-radius: 0px; box-sizing: border-box; font-size: 20px; line-height: 24px; display: block;">Служебная информация</span></div>\r\n<div class="configuration-item-row-detail" style="margin: 0px; padding: 0px 0px 10px; font-family: Gilroy, sans-serif; text-decoration-line: none; color: #283242; outline-width: 0px; border-radius: 0px; box-sizing: border-box; font-size: 16px;">\r\n<div class="flex" style="margin: 0px; padding: 0px 0px 15px; font-family: Gilroy, sans-serif; text-decoration-line: none; color: #283242; outline-width: 0px; border-radius: 0px; box-sizing: border-box; font-size: 16px; display: flex; justify-content: space-between; align-items: flex-start; position: relative;"><span class="title" style="margin: 0px; padding: 0px; font-family: Gilroy, sans-serif; text-decoration-line: none; color: #8e939b; outline-width: 0px; border-radius: 0px; box-sizing: border-box; font-size: 16px; line-height: 22.4px; display: block; width: 322.5px;">Производитель</span><span class="info" style="margin: 0px; padding: 0px; font-family: Gilroy, sans-serif; text-decoration-line: none; color: #283242; outline-width: 0px; border-radius: 0px; box-sizing: border-box; font-size: 16px; line-height: 22.4px; display: block; width: 322.5px; text-align: left;">Samsung</span></div>\r\n<div class="flex" style="margin: 0px; padding: 0px 0px 15px; font-family: Gilroy, sans-serif; text-decoration-line: none; color: #283242; outline-width: 0px; border-radius: 0px; box-sizing: border-box; font-size: 16px; display: flex; justify-content: space-between; align-items: flex-start; position: relative;"><span class="title" style="margin: 0px; padding: 0px; font-family: Gilroy, sans-serif; text-decoration-line: none; color: #8e939b; outline-width: 0px; border-radius: 0px; box-sizing: border-box; font-size: 16px; line-height: 22.4px; display: block; width: 322.5px;">Гарантия</span><span class="info" style="margin: 0px; padding: 0px; font-family: Gilroy, sans-serif; text-decoration-line: none; color: #283242; outline-width: 0px; border-radius: 0px; box-sizing: border-box; font-size: 16px; line-height: 22.4px; display: block; width: 322.5px; text-align: left;">1 год</span></div>\r\n<div class="flex" style="margin: 0px; padding: 0px 0px 15px; font-family: Gilroy, sans-serif; text-decoration-line: none; color: #283242; outline-width: 0px; border-radius: 0px; box-sizing: border-box; font-size: 16px; display: flex; justify-content: space-between; align-items: flex-start; position: relative;"><span class="title" style="margin: 0px; padding: 0px; font-family: Gilroy, sans-serif; text-decoration-line: none; color: #8e939b; outline-width: 0px; border-radius: 0px; box-sizing: border-box; font-size: 16px; line-height: 22.4px; display: block; width: 322.5px;">Цвет</span><span class="info" style="margin: 0px; padding: 0px; font-family: Gilroy, sans-serif; text-decoration-line: none; color: #283242; outline-width: 0px; border-radius: 0px; box-sizing: border-box; font-size: 16px; line-height: 22.4px; display: block; width: 322.5px; text-align: left;">Чёрный</span></div>\r\n<div class="flex" style="margin: 0px; padding: 0px 0px 15px; font-family: Gilroy, sans-serif; text-decoration-line: none; color: #283242; outline-width: 0px; border-radius: 0px; box-sizing: border-box; font-size: 16px; display: flex; justify-content: space-between; align-items: flex-start; position: relative;"><span class="title" style="margin: 0px; padding: 0px; font-family: Gilroy, sans-serif; text-decoration-line: none; color: #8e939b; outline-width: 0px; border-radius: 0px; box-sizing: border-box; font-size: 16px; line-height: 22.4px; display: block; width: 322.5px;">Страна происхождения</span><span class="info" style="margin: 0px; padding: 0px; font-family: Gilroy, sans-serif; text-decoration-line: none; color: #283242; outline-width: 0px; border-radius: 0px; box-sizing: border-box; font-size: 16px; line-height: 22.4px; display: block; width: 322.5px; text-align: left;">Вьетнам</span></div>\r\n</div>\r\n</div>
5	Телевизор Samsung UE65U8000FUXUZ	televizor-samsung-ue65u8000fuxuz	22	14941902	Чёрный	#000000	2026-01-20 18:41:19.063319+00	2026-05-15 11:20:14.032632+00	5	2	4	Наша мощная технология масштабирования в формате 4K гарантирует, что вы получите контент в разрешении до 4K, который вам нравится.  * Качество просмотра может варьироваться в зависимости от типа контента и формата. * Масштабирование может не поддерживаться при подключении к ПК и в игровом режиме. Технология High Dynamic Range увеличивает соотношение между самыми светлыми и темными областями сцены, поэтому вы можете наслаждаться огромным спектром цветов и всеми визуальными деталями как в ярких, так и в темных сценах.	t	<div class="configuration-item" style="margin: 0px; padding: 0px 0px 15px; font-family: Gilroy, sans-serif; text-decoration-line: none; color: #283242; outline-width: 0px; border-radius: 0px; box-sizing: border-box; font-size: 16px; text-align: left; white-space: normal;">\r\n<div class="configuration-item-row-title" style="margin: 0px; padding: 0px; font-family: Gilroy, sans-serif; text-decoration-line: none; color: #283242; outline-width: 0px; border-radius: 0px; box-sizing: border-box; font-size: 16px;"><span style="margin: 0px; padding: 0px 0px 18px; font-family: Gilroy, sans-serif; font-weight: 500; text-decoration-line: none; color: inherit; outline-width: 0px; border-radius: 0px; box-sizing: border-box; font-size: 20px; line-height: 24px; display: block;">Общие</span></div>\r\n<div class="configuration-item-row-detail" style="margin: 0px; padding: 0px 0px 10px; font-family: Gilroy, sans-serif; text-decoration-line: none; color: #283242; outline-width: 0px; border-radius: 0px; box-sizing: border-box; font-size: 16px;">\r\n<div class="flex" style="margin: 0px; padding: 0px 0px 15px; font-family: Gilroy, sans-serif; text-decoration-line: none; color: #283242; outline-width: 0px; border-radius: 0px; box-sizing: border-box; font-size: 16px; display: flex; justify-content: space-between; align-items: flex-start; position: relative;"><span class="title" style="margin: 0px; padding: 0px; font-family: Gilroy, sans-serif; text-decoration-line: none; color: #8e939b; outline-width: 0px; border-radius: 0px; box-sizing: border-box; font-size: 16px; line-height: 22.4px; display: block; width: 322.5px;">Поддержка Smart TV</span><span class="info" style="margin: 0px; padding: 0px; font-family: Gilroy, sans-serif; text-decoration-line: none; color: #283242; outline-width: 0px; border-radius: 0px; box-sizing: border-box; font-size: 16px; line-height: 22.4px; display: block; width: 322.5px; text-align: left;">Да</span></div>\r\n<div class="flex" style="margin: 0px; padding: 0px 0px 15px; font-family: Gilroy, sans-serif; text-decoration-line: none; color: #283242; outline-width: 0px; border-radius: 0px; box-sizing: border-box; font-size: 16px; display: flex; justify-content: space-between; align-items: flex-start; position: relative;"><span class="title" style="margin: 0px; padding: 0px; font-family: Gilroy, sans-serif; text-decoration-line: none; color: #8e939b; outline-width: 0px; border-radius: 0px; box-sizing: border-box; font-size: 16px; line-height: 22.4px; display: block; width: 322.5px;">Возможность крепления на стену</span><span class="info" style="margin: 0px; padding: 0px; font-family: Gilroy, sans-serif; text-decoration-line: none; color: #283242; outline-width: 0px; border-radius: 0px; box-sizing: border-box; font-size: 16px; line-height: 22.4px; display: block; width: 322.5px; text-align: left;">Есть</span></div>\r\n</div>\r\n</div>\r\n<div class="configuration-item" style="margin: 0px; padding: 0px 0px 15px; font-family: Gilroy, sans-serif; text-decoration-line: none; color: #283242; outline-width: 0px; border-radius: 0px; box-sizing: border-box; font-size: 16px; text-align: left; white-space: normal;">\r\n<div class="configuration-item-row-title" style="margin: 0px; padding: 0px; font-family: Gilroy, sans-serif; text-decoration-line: none; color: #283242; outline-width: 0px; border-radius: 0px; box-sizing: border-box; font-size: 16px;"><span style="margin: 0px; padding: 0px 0px 18px; font-family: Gilroy, sans-serif; font-weight: 500; text-decoration-line: none; color: inherit; outline-width: 0px; border-radius: 0px; box-sizing: border-box; font-size: 20px; line-height: 24px; display: block;">Экран</span></div>\r\n<div class="configuration-item-row-detail" style="margin: 0px; padding: 0px 0px 10px; font-family: Gilroy, sans-serif; text-decoration-line: none; color: #283242; outline-width: 0px; border-radius: 0px; box-sizing: border-box; font-size: 16px;">\r\n<div class="flex" style="margin: 0px; padding: 0px 0px 15px; font-family: Gilroy, sans-serif; text-decoration-line: none; color: #283242; outline-width: 0px; border-radius: 0px; box-sizing: border-box; font-size: 16px; display: flex; justify-content: space-between; align-items: flex-start; position: relative;"><span class="title" style="margin: 0px; padding: 0px; font-family: Gilroy, sans-serif; text-decoration-line: none; color: #8e939b; outline-width: 0px; border-radius: 0px; box-sizing: border-box; font-size: 16px; line-height: 22.4px; display: block; width: 322.5px;">Диагональ экрана</span><span class="info" style="margin: 0px; padding: 0px; font-family: Gilroy, sans-serif; text-decoration-line: none; color: #283242; outline-width: 0px; border-radius: 0px; box-sizing: border-box; font-size: 16px; line-height: 22.4px; display: block; width: 322.5px; text-align: left;">65" (165.1 см)</span></div>\r\n<div class="flex" style="margin: 0px; padding: 0px 0px 15px; font-family: Gilroy, sans-serif; text-decoration-line: none; color: #283242; outline-width: 0px; border-radius: 0px; box-sizing: border-box; font-size: 16px; display: flex; justify-content: space-between; align-items: flex-start; position: relative;"><span class="title" style="margin: 0px; padding: 0px; font-family: Gilroy, sans-serif; text-decoration-line: none; color: #8e939b; outline-width: 0px; border-radius: 0px; box-sizing: border-box; font-size: 16px; line-height: 22.4px; display: block; width: 322.5px;">Разрешение</span><span class="info" style="margin: 0px; padding: 0px; font-family: Gilroy, sans-serif; text-decoration-line: none; color: #283242; outline-width: 0px; border-radius: 0px; box-sizing: border-box; font-size: 16px; line-height: 22.4px; display: block; width: 322.5px; text-align: left;">3840 &times; 2160 (UltraHD)</span></div>\r\n<div class="flex" style="margin: 0px; padding: 0px 0px 15px; font-family: Gilroy, sans-serif; text-decoration-line: none; color: #283242; outline-width: 0px; border-radius: 0px; box-sizing: border-box; font-size: 16px; display: flex; justify-content: space-between; align-items: flex-start; position: relative;"><span class="title" style="margin: 0px; padding: 0px; font-family: Gilroy, sans-serif; text-decoration-line: none; color: #8e939b; outline-width: 0px; border-radius: 0px; box-sizing: border-box; font-size: 16px; line-height: 22.4px; display: block; width: 322.5px;">Тип дисплея</span><span class="info" style="margin: 0px; padding: 0px; font-family: Gilroy, sans-serif; text-decoration-line: none; color: #283242; outline-width: 0px; border-radius: 0px; box-sizing: border-box; font-size: 16px; line-height: 22.4px; display: block; width: 322.5px; text-align: left;">LED</span></div>\r\n<div class="flex" style="margin: 0px; padding: 0px 0px 15px; font-family: Gilroy, sans-serif; text-decoration-line: none; color: #283242; outline-width: 0px; border-radius: 0px; box-sizing: border-box; font-size: 16px; display: flex; justify-content: space-between; align-items: flex-start; position: relative;"><span class="title" style="margin: 0px; padding: 0px; font-family: Gilroy, sans-serif; text-decoration-line: none; color: #8e939b; outline-width: 0px; border-radius: 0px; box-sizing: border-box; font-size: 16px; line-height: 22.4px; display: block; width: 322.5px;">Частота смены кадров, Гц</span><span class="info" style="margin: 0px; padding: 0px; font-family: Gilroy, sans-serif; text-decoration-line: none; color: #283242; outline-width: 0px; border-radius: 0px; box-sizing: border-box; font-size: 16px; line-height: 22.4px; display: block; width: 322.5px; text-align: left;">50 Гц</span></div>\r\n</div>\r\n</div>\r\n<div class="configuration-item" style="margin: 0px; padding: 0px 0px 15px; font-family: Gilroy, sans-serif; text-decoration-line: none; color: #283242; outline-width: 0px; border-radius: 0px; box-sizing: border-box; font-size: 16px; text-align: left; white-space: normal;">\r\n<div class="configuration-item-row-title" style="margin: 0px; padding: 0px; font-family: Gilroy, sans-serif; text-decoration-line: none; color: #283242; outline-width: 0px; border-radius: 0px; box-sizing: border-box; font-size: 16px;"><span style="margin: 0px; padding: 0px 0px 18px; font-family: Gilroy, sans-serif; font-weight: 500; text-decoration-line: none; color: inherit; outline-width: 0px; border-radius: 0px; box-sizing: border-box; font-size: 20px; line-height: 24px; display: block;">Звук</span></div>\r\n<div class="configuration-item-row-detail" style="margin: 0px; padding: 0px 0px 10px; font-family: Gilroy, sans-serif; text-decoration-line: none; color: #283242; outline-width: 0px; border-radius: 0px; box-sizing: border-box; font-size: 16px;">\r\n<div class="flex" style="margin: 0px; padding: 0px 0px 15px; font-family: Gilroy, sans-serif; text-decoration-line: none; color: #283242; outline-width: 0px; border-radius: 0px; box-sizing: border-box; font-size: 16px; display: flex; justify-content: space-between; align-items: flex-start; position: relative;"><span class="title" style="margin: 0px; padding: 0px; font-family: Gilroy, sans-serif; text-decoration-line: none; color: #8e939b; outline-width: 0px; border-radius: 0px; box-sizing: border-box; font-size: 16px; line-height: 22.4px; display: block; width: 322.5px;">Мощность звука, Вт</span><span class="info" style="margin: 0px; padding: 0px; font-family: Gilroy, sans-serif; text-decoration-line: none; color: #283242; outline-width: 0px; border-radius: 0px; box-sizing: border-box; font-size: 16px; line-height: 22.4px; display: block; width: 322.5px; text-align: left;">20 Вт</span></div>\r\n<div class="flex" style="margin: 0px; padding: 0px 0px 15px; font-family: Gilroy, sans-serif; text-decoration-line: none; color: #283242; outline-width: 0px; border-radius: 0px; box-sizing: border-box; font-size: 16px; display: flex; justify-content: space-between; align-items: flex-start; position: relative;"><span class="title" style="margin: 0px; padding: 0px; font-family: Gilroy, sans-serif; text-decoration-line: none; color: #8e939b; outline-width: 0px; border-radius: 0px; box-sizing: border-box; font-size: 16px; line-height: 22.4px; display: block; width: 322.5px;">Объемное звучание</span><span class="info" style="margin: 0px; padding: 0px; font-family: Gilroy, sans-serif; text-decoration-line: none; color: #283242; outline-width: 0px; border-radius: 0px; box-sizing: border-box; font-size: 16px; line-height: 22.4px; display: block; width: 322.5px; text-align: left;">Есть</span></div>\r\n</div>\r\n</div>\r\n<div class="configuration-item" style="margin: 0px; padding: 0px 0px 15px; font-family: Gilroy, sans-serif; text-decoration-line: none; color: #283242; outline-width: 0px; border-radius: 0px; box-sizing: border-box; font-size: 16px; text-align: left; white-space: normal;">\r\n<div class="configuration-item-row-title" style="margin: 0px; padding: 0px; font-family: Gilroy, sans-serif; text-decoration-line: none; color: #283242; outline-width: 0px; border-radius: 0px; box-sizing: border-box; font-size: 16px;"><span style="margin: 0px; padding: 0px 0px 18px; font-family: Gilroy, sans-serif; font-weight: 500; text-decoration-line: none; color: inherit; outline-width: 0px; border-radius: 0px; box-sizing: border-box; font-size: 20px; line-height: 24px; display: block;">Разъемы</span></div>\r\n<div class="configuration-item-row-detail" style="margin: 0px; padding: 0px 0px 10px; font-family: Gilroy, sans-serif; text-decoration-line: none; color: #283242; outline-width: 0px; border-radius: 0px; box-sizing: border-box; font-size: 16px;">\r\n<div class="flex" style="margin: 0px; padding: 0px 0px 15px; font-family: Gilroy, sans-serif; text-decoration-line: none; color: #283242; outline-width: 0px; border-radius: 0px; box-sizing: border-box; font-size: 16px; display: flex; justify-content: space-between; align-items: flex-start; position: relative;"><span class="title" style="margin: 0px; padding: 0px; font-family: Gilroy, sans-serif; text-decoration-line: none; color: #8e939b; outline-width: 0px; border-radius: 0px; box-sizing: border-box; font-size: 16px; line-height: 22.4px; display: block; width: 322.5px;">Количество HDMI портов</span><span class="info" style="margin: 0px; padding: 0px; font-family: Gilroy, sans-serif; text-decoration-line: none; color: #283242; outline-width: 0px; border-radius: 0px; box-sizing: border-box; font-size: 16px; line-height: 22.4px; display: block; width: 322.5px; text-align: left;">3</span></div>\r\n</div>\r\n</div>\r\n<div class="configuration-item" style="margin: 0px; padding: 0px 0px 15px; font-family: Gilroy, sans-serif; text-decoration-line: none; color: #283242; outline-width: 0px; border-radius: 0px; box-sizing: border-box; font-size: 16px; text-align: left; white-space: normal;">\r\n<div class="configuration-item-row-title" style="margin: 0px; padding: 0px; font-family: Gilroy, sans-serif; text-decoration-line: none; color: #283242; outline-width: 0px; border-radius: 0px; box-sizing: border-box; font-size: 16px;"><span style="margin: 0px; padding: 0px 0px 18px; font-family: Gilroy, sans-serif; font-weight: 500; text-decoration-line: none; color: inherit; outline-width: 0px; border-radius: 0px; box-sizing: border-box; font-size: 20px; line-height: 24px; display: block;">Функции</span></div>\r\n<div class="configuration-item-row-detail" style="margin: 0px; padding: 0px 0px 10px; font-family: Gilroy, sans-serif; text-decoration-line: none; color: #283242; outline-width: 0px; border-radius: 0px; box-sizing: border-box; font-size: 16px;">\r\n<div class="flex" style="margin: 0px; padding: 0px 0px 15px; font-family: Gilroy, sans-serif; text-decoration-line: none; color: #283242; outline-width: 0px; border-radius: 0px; box-sizing: border-box; font-size: 16px; display: flex; justify-content: space-between; align-items: flex-start; position: relative;"><span class="title" style="margin: 0px; padding: 0px; font-family: Gilroy, sans-serif; text-decoration-line: none; color: #8e939b; outline-width: 0px; border-radius: 0px; box-sizing: border-box; font-size: 16px; line-height: 22.4px; display: block; width: 322.5px;">Поддержка Wi-Fi</span><span class="info" style="margin: 0px; padding: 0px; font-family: Gilroy, sans-serif; text-decoration-line: none; color: #283242; outline-width: 0px; border-radius: 0px; box-sizing: border-box; font-size: 16px; line-height: 22.4px; display: block; width: 322.5px; text-align: left;">Есть</span></div>\r\n<div class="flex" style="margin: 0px; padding: 0px 0px 15px; font-family: Gilroy, sans-serif; text-decoration-line: none; color: #283242; outline-width: 0px; border-radius: 0px; box-sizing: border-box; font-size: 16px; display: flex; justify-content: space-between; align-items: flex-start; position: relative;"><span class="title" style="margin: 0px; padding: 0px; font-family: Gilroy, sans-serif; text-decoration-line: none; color: #8e939b; outline-width: 0px; border-radius: 0px; box-sizing: border-box; font-size: 16px; line-height: 22.4px; display: block; width: 322.5px;">Bluetooth</span><span class="info" style="margin: 0px; padding: 0px; font-family: Gilroy, sans-serif; text-decoration-line: none; color: #283242; outline-width: 0px; border-radius: 0px; box-sizing: border-box; font-size: 16px; line-height: 22.4px; display: block; width: 322.5px; text-align: left;">Есть</span></div>\r\n</div>\r\n</div>\r\n<div class="configuration-item" style="margin: 0px; padding: 0px 0px 15px; font-family: Gilroy, sans-serif; text-decoration-line: none; color: #283242; outline-width: 0px; border-radius: 0px; box-sizing: border-box; font-size: 16px; text-align: left; white-space: normal;">\r\n<div class="configuration-item-row-title" style="margin: 0px; padding: 0px; font-family: Gilroy, sans-serif; text-decoration-line: none; color: #283242; outline-width: 0px; border-radius: 0px; box-sizing: border-box; font-size: 16px;"><span style="margin: 0px; padding: 0px 0px 18px; font-family: Gilroy, sans-serif; font-weight: 500; text-decoration-line: none; color: inherit; outline-width: 0px; border-radius: 0px; box-sizing: border-box; font-size: 20px; line-height: 24px; display: block;">Габариты и вес</span></div>\r\n<div class="configuration-item-row-detail" style="margin: 0px; padding: 0px 0px 10px; font-family: Gilroy, sans-serif; text-decoration-line: none; color: #283242; outline-width: 0px; border-radius: 0px; box-sizing: border-box; font-size: 16px;">\r\n<div class="flex" style="margin: 0px; padding: 0px 0px 15px; font-family: Gilroy, sans-serif; text-decoration-line: none; color: #283242; outline-width: 0px; border-radius: 0px; box-sizing: border-box; font-size: 16px; display: flex; justify-content: space-between; align-items: flex-start; position: relative;"><span class="title" style="margin: 0px; padding: 0px; font-family: Gilroy, sans-serif; text-decoration-line: none; color: #8e939b; outline-width: 0px; border-radius: 0px; box-sizing: border-box; font-size: 16px; line-height: 22.4px; display: block; width: 322.5px;">Ширина</span><span class="info" style="margin: 0px; padding: 0px; font-family: Gilroy, sans-serif; text-decoration-line: none; color: #283242; outline-width: 0px; border-radius: 0px; box-sizing: border-box; font-size: 16px; line-height: 22.4px; display: block; width: 322.5px; text-align: left;">1444.1 мм</span></div>\r\n<div class="flex" style="margin: 0px; padding: 0px 0px 15px; font-family: Gilroy, sans-serif; text-decoration-line: none; color: #283242; outline-width: 0px; border-radius: 0px; box-sizing: border-box; font-size: 16px; display: flex; justify-content: space-between; align-items: flex-start; position: relative;"><span class="title" style="margin: 0px; padding: 0px; font-family: Gilroy, sans-serif; text-decoration-line: none; color: #8e939b; outline-width: 0px; border-radius: 0px; box-sizing: border-box; font-size: 16px; line-height: 22.4px; display: block; width: 322.5px;">Высота</span><span class="info" style="margin: 0px; padding: 0px; font-family: Gilroy, sans-serif; text-decoration-line: none; color: #283242; outline-width: 0px; border-radius: 0px; box-sizing: border-box; font-size: 16px; line-height: 22.4px; display: block; width: 322.5px; text-align: left;">831.2 мм</span></div>\r\n<div class="flex" style="margin: 0px; padding: 0px 0px 15px; font-family: Gilroy, sans-serif; text-decoration-line: none; color: #283242; outline-width: 0px; border-radius: 0px; box-sizing: border-box; font-size: 16px; display: flex; justify-content: space-between; align-items: flex-start; position: relative;"><span class="title" style="margin: 0px; padding: 0px; font-family: Gilroy, sans-serif; text-decoration-line: none; color: #8e939b; outline-width: 0px; border-radius: 0px; box-sizing: border-box; font-size: 16px; line-height: 22.4px; display: block; width: 322.5px;">Глубина</span><span class="info" style="margin: 0px; padding: 0px; font-family: Gilroy, sans-serif; text-decoration-line: none; color: #283242; outline-width: 0px; border-radius: 0px; box-sizing: border-box; font-size: 16px; line-height: 22.4px; display: block; width: 322.5px; text-align: left;">76.8 мм</span></div>\r\n<div class="flex" style="margin: 0px; padding: 0px 0px 15px; font-family: Gilroy, sans-serif; text-decoration-line: none; color: #283242; outline-width: 0px; border-radius: 0px; box-sizing: border-box; font-size: 16px; display: flex; justify-content: space-between; align-items: flex-start; position: relative;"><span class="title" style="margin: 0px; padding: 0px; font-family: Gilroy, sans-serif; text-decoration-line: none; color: #8e939b; outline-width: 0px; border-radius: 0px; box-sizing: border-box; font-size: 16px; line-height: 22.4px; display: block; width: 322.5px;">Вес (кг)</span><span class="info" style="margin: 0px; padding: 0px; font-family: Gilroy, sans-serif; text-decoration-line: none; color: #283242; outline-width: 0px; border-radius: 0px; box-sizing: border-box; font-size: 16px; line-height: 22.4px; display: block; width: 322.5px; text-align: left;">14.2 кг</span></div>\r\n<div class="flex" style="margin: 0px; padding: 0px 0px 15px; font-family: Gilroy, sans-serif; text-decoration-line: none; color: #283242; outline-width: 0px; border-radius: 0px; box-sizing: border-box; font-size: 16px; display: flex; justify-content: space-between; align-items: flex-start; position: relative;"><span class="title" style="margin: 0px; padding: 0px; font-family: Gilroy, sans-serif; text-decoration-line: none; color: #8e939b; outline-width: 0px; border-radius: 0px; box-sizing: border-box; font-size: 16px; line-height: 22.4px; display: block; width: 322.5px;">Высота с подставкой</span><span class="info" style="margin: 0px; padding: 0px; font-family: Gilroy, sans-serif; text-decoration-line: none; color: #283242; outline-width: 0px; border-radius: 0px; box-sizing: border-box; font-size: 16px; line-height: 22.4px; display: block; width: 322.5px; text-align: left;">882.2 мм</span></div>\r\n<div class="flex" style="margin: 0px; padding: 0px 0px 15px; font-family: Gilroy, sans-serif; text-decoration-line: none; color: #283242; outline-width: 0px; border-radius: 0px; box-sizing: border-box; font-size: 16px; display: flex; justify-content: space-between; align-items: flex-start; position: relative;"><span class="title" style="margin: 0px; padding: 0px; font-family: Gilroy, sans-serif; text-decoration-line: none; color: #8e939b; outline-width: 0px; border-radius: 0px; box-sizing: border-box; font-size: 16px; line-height: 22.4px; display: block; width: 322.5px;">Ширина с подставкой</span><span class="info" style="margin: 0px; padding: 0px; font-family: Gilroy, sans-serif; text-decoration-line: none; color: #283242; outline-width: 0px; border-radius: 0px; box-sizing: border-box; font-size: 16px; line-height: 22.4px; display: block; width: 322.5px; text-align: left;">1444.1 мм</span></div>\r\n<div class="flex" style="margin: 0px; padding: 0px 0px 15px; font-family: Gilroy, sans-serif; text-decoration-line: none; color: #283242; outline-width: 0px; border-radius: 0px; box-sizing: border-box; font-size: 16px; display: flex; justify-content: space-between; align-items: flex-start; position: relative;"><span class="title" style="margin: 0px; padding: 0px; font-family: Gilroy, sans-serif; text-decoration-line: none; color: #8e939b; outline-width: 0px; border-radius: 0px; box-sizing: border-box; font-size: 16px; line-height: 22.4px; display: block; width: 322.5px;">Глубина с подставкой</span><span class="info" style="margin: 0px; padding: 0px; font-family: Gilroy, sans-serif; text-decoration-line: none; color: #283242; outline-width: 0px; border-radius: 0px; box-sizing: border-box; font-size: 16px; line-height: 22.4px; display: block; width: 322.5px; text-align: left;">222 мм</span></div>\r\n</div>\r\n</div>\r\n<div class="configuration-item" style="margin: 0px; padding: 0px 0px 15px; font-family: Gilroy, sans-serif; text-decoration-line: none; color: #283242; outline-width: 0px; border-radius: 0px; box-sizing: border-box; font-size: 16px; text-align: left; white-space: normal;">\r\n<div class="configuration-item-row-title" style="margin: 0px; padding: 0px; font-family: Gilroy, sans-serif; text-decoration-line: none; color: #283242; outline-width: 0px; border-radius: 0px; box-sizing: border-box; font-size: 16px;"><span style="margin: 0px; padding: 0px 0px 18px; font-family: Gilroy, sans-serif; font-weight: 500; text-decoration-line: none; color: inherit; outline-width: 0px; border-radius: 0px; box-sizing: border-box; font-size: 20px; line-height: 24px; display: block;">Служебная информация</span></div>\r\n<div class="configuration-item-row-detail" style="margin: 0px; padding: 0px 0px 10px; font-family: Gilroy, sans-serif; text-decoration-line: none; color: #283242; outline-width: 0px; border-radius: 0px; box-sizing: border-box; font-size: 16px;">\r\n<div class="flex" style="margin: 0px; padding: 0px 0px 15px; font-family: Gilroy, sans-serif; text-decoration-line: none; color: #283242; outline-width: 0px; border-radius: 0px; box-sizing: border-box; font-size: 16px; display: flex; justify-content: space-between; align-items: flex-start; position: relative;"><span class="title" style="margin: 0px; padding: 0px; font-family: Gilroy, sans-serif; text-decoration-line: none; color: #8e939b; outline-width: 0px; border-radius: 0px; box-sizing: border-box; font-size: 16px; line-height: 22.4px; display: block; width: 322.5px;">Производитель</span><span class="info" style="margin: 0px; padding: 0px; font-family: Gilroy, sans-serif; text-decoration-line: none; color: #283242; outline-width: 0px; border-radius: 0px; box-sizing: border-box; font-size: 16px; line-height: 22.4px; display: block; width: 322.5px; text-align: left;">Samsung</span></div>\r\n<div class="flex" style="margin: 0px; padding: 0px 0px 15px; font-family: Gilroy, sans-serif; text-decoration-line: none; color: #283242; outline-width: 0px; border-radius: 0px; box-sizing: border-box; font-size: 16px; display: flex; justify-content: space-between; align-items: flex-start; position: relative;"><span class="title" style="margin: 0px; padding: 0px; font-family: Gilroy, sans-serif; text-decoration-line: none; color: #8e939b; outline-width: 0px; border-radius: 0px; box-sizing: border-box; font-size: 16px; line-height: 22.4px; display: block; width: 322.5px;">Гарантия</span><span class="info" style="margin: 0px; padding: 0px; font-family: Gilroy, sans-serif; text-decoration-line: none; color: #283242; outline-width: 0px; border-radius: 0px; box-sizing: border-box; font-size: 16px; line-height: 22.4px; display: block; width: 322.5px; text-align: left;">2 года</span></div>\r\n<div class="flex" style="margin: 0px; padding: 0px 0px 15px; font-family: Gilroy, sans-serif; text-decoration-line: none; color: #283242; outline-width: 0px; border-radius: 0px; box-sizing: border-box; font-size: 16px; display: flex; justify-content: space-between; align-items: flex-start; position: relative;"><span class="title" style="margin: 0px; padding: 0px; font-family: Gilroy, sans-serif; text-decoration-line: none; color: #8e939b; outline-width: 0px; border-radius: 0px; box-sizing: border-box; font-size: 16px; line-height: 22.4px; display: block; width: 322.5px;">Цвет</span><span class="info" style="margin: 0px; padding: 0px; font-family: Gilroy, sans-serif; text-decoration-line: none; color: #283242; outline-width: 0px; border-radius: 0px; box-sizing: border-box; font-size: 16px; line-height: 22.4px; display: block; width: 322.5px; text-align: left;">Чёрный</span></div>\r\n<div class="flex" style="margin: 0px; padding: 0px 0px 15px; font-family: Gilroy, sans-serif; text-decoration-line: none; color: #283242; outline-width: 0px; border-radius: 0px; box-sizing: border-box; font-size: 16px; display: flex; justify-content: space-between; align-items: flex-start; position: relative;"><span class="title" style="margin: 0px; padding: 0px; font-family: Gilroy, sans-serif; text-decoration-line: none; color: #8e939b; outline-width: 0px; border-radius: 0px; box-sizing: border-box; font-size: 16px; line-height: 22.4px; display: block; width: 322.5px;">Страна происхождения</span><span class="info" style="margin: 0px; padding: 0px; font-family: Gilroy, sans-serif; text-decoration-line: none; color: #283242; outline-width: 0px; border-radius: 0px; box-sizing: border-box; font-size: 16px; line-height: 22.4px; display: block; width: 322.5px; text-align: left;">Вьетнам</span></div>\r\n</div>\r\n</div>\r\n<p>&nbsp;</p>
9	Фен Panasonic EH-NE66-K865	fen-panasonic-eh-ne66-k865	45	654200	Чёрный	#000000	2026-04-20 13:03:44.53025+00	2026-04-23 12:06:41.712866+00	20	8	21	Panasonic EH-NE66-K865 — это мощный и компактный фен для быстрой и бережной сушки волос. Он сочетает высокую производительность с технологией ионизации, которая уменьшает статическое электричество и делает волосы более гладкими и блестящими.  Фен имеет мощность 2000 Вт, но по эффективности сравним с более сильными моделями (до 2300 Вт), благодаря усиленному воздушному потоку.  Оснащён несколькими режимами температуры и скорости, функцией холодного воздуха и насадкой-концентратором для точной укладки. Также есть складная ручка, что делает его удобным для хранения и поездок.	t	<div class="configuration-item">\r\n<div class="configuration-item-row-title">\r\n<div class="configuration-item" style="margin: 0px; padding: 0px 0px 15px; font-family: Gilroy, sans-serif; text-decoration-line: none; color: #283242; outline-width: 0px; border-radius: 0px; box-sizing: border-box; font-size: 16px; text-align: left; white-space: normal;">\r\n<div class="configuration-item-row-title" style="margin: 0px; padding: 0px; font-family: Gilroy, sans-serif; text-decoration-line: none; color: #283242; outline-width: 0px; border-radius: 0px; box-sizing: border-box; font-size: 16px;">\r\n<div class="configuration-item" style="margin: 0px; padding: 0px 0px 15px; font-family: Gilroy, sans-serif; text-decoration-line: none; color: #283242; outline-width: 0px; border-radius: 0px; box-sizing: border-box; font-size: 16px; text-align: left; white-space: normal;">\r\n<div class="configuration-item-row-title" style="margin: 0px; padding: 0px; font-family: Gilroy, sans-serif; text-decoration-line: none; color: #283242; outline-width: 0px; border-radius: 0px; box-sizing: border-box; font-size: 16px;"><span style="margin: 0px; padding: 0px 0px 18px; font-family: Gilroy, sans-serif; font-weight: 500; text-decoration-line: none; color: #283242; outline-width: 0px; border-radius: 0px; box-sizing: border-box; font-size: 20px; line-height: 24px; display: block;">Общие</span></div>\r\n<div class="configuration-item-row-detail" style="margin: 0px; padding: 0px 0px 10px; font-family: Gilroy, sans-serif; text-decoration-line: none; color: #283242; outline-width: 0px; border-radius: 0px; box-sizing: border-box; font-size: 16px;">\r\n<div class="flex" style="margin: 0px; padding: 0px 0px 15px; font-family: Gilroy, sans-serif; text-decoration-line: none; color: #283242; outline-width: 0px; border-radius: 0px; box-sizing: border-box; font-size: 16px; display: flex; justify-content: space-between; align-items: flex-start; position: relative;"><span class="title" style="margin: 0px; padding: 0px; font-family: Gilroy, sans-serif; text-decoration-line: none; color: #8e939b; outline-width: 0px; border-radius: 0px; box-sizing: border-box; font-size: 16px; line-height: 22.4px; display: block; width: 322.5px;">Материал корпуса</span><span class="info" style="margin: 0px; padding: 0px; font-family: Gilroy, sans-serif; text-decoration-line: none; color: #283242; outline-width: 0px; border-radius: 0px; box-sizing: border-box; font-size: 16px; line-height: 22.4px; display: block; width: 322.5px; text-align: left;">Пластик</span></div>\r\n<div class="flex" style="margin: 0px; padding: 0px 0px 15px; font-family: Gilroy, sans-serif; text-decoration-line: none; color: #283242; outline-width: 0px; border-radius: 0px; box-sizing: border-box; font-size: 16px; display: flex; justify-content: space-between; align-items: flex-start; position: relative;"><span class="title" style="margin: 0px; padding: 0px; font-family: Gilroy, sans-serif; text-decoration-line: none; color: #8e939b; outline-width: 0px; border-radius: 0px; box-sizing: border-box; font-size: 16px; line-height: 22.4px; display: block; width: 322.5px;">Тип фена</span><span class="info" style="margin: 0px; padding: 0px; font-family: Gilroy, sans-serif; text-decoration-line: none; color: #283242; outline-width: 0px; border-radius: 0px; box-sizing: border-box; font-size: 16px; line-height: 22.4px; display: block; width: 322.5px; text-align: left;">Обычный</span></div>\r\n<div class="flex" style="margin: 0px; padding: 0px 0px 15px; font-family: Gilroy, sans-serif; text-decoration-line: none; color: #283242; outline-width: 0px; border-radius: 0px; box-sizing: border-box; font-size: 16px; display: flex; justify-content: space-between; align-items: flex-start; position: relative;"><span class="title" style="margin: 0px; padding: 0px; font-family: Gilroy, sans-serif; text-decoration-line: none; color: #8e939b; outline-width: 0px; border-radius: 0px; box-sizing: border-box; font-size: 16px; line-height: 22.4px; display: block; width: 322.5px;">Потребляемая мощность</span><span class="info" style="margin: 0px; padding: 0px; font-family: Gilroy, sans-serif; text-decoration-line: none; color: #283242; outline-width: 0px; border-radius: 0px; box-sizing: border-box; font-size: 16px; line-height: 22.4px; display: block; width: 322.5px; text-align: left;">2000 Вт</span></div>\r\n<div class="flex" style="margin: 0px; padding: 0px 0px 15px; font-family: Gilroy, sans-serif; text-decoration-line: none; color: #283242; outline-width: 0px; border-radius: 0px; box-sizing: border-box; font-size: 16px; display: flex; justify-content: space-between; align-items: flex-start; position: relative;"><span class="title" style="margin: 0px; padding: 0px; font-family: Gilroy, sans-serif; text-decoration-line: none; color: #8e939b; outline-width: 0px; border-radius: 0px; box-sizing: border-box; font-size: 16px; line-height: 22.4px; display: block; width: 322.5px;">Количество скоростей</span><span class="info" style="margin: 0px; padding: 0px; font-family: Gilroy, sans-serif; text-decoration-line: none; color: #283242; outline-width: 0px; border-radius: 0px; box-sizing: border-box; font-size: 16px; line-height: 22.4px; display: block; width: 322.5px; text-align: left;">2</span></div>\r\n</div>\r\n</div>\r\n<div class="configuration-item" style="margin: 0px; padding: 0px 0px 15px; font-family: Gilroy, sans-serif; text-decoration-line: none; color: #283242; outline-width: 0px; border-radius: 0px; box-sizing: border-box; font-size: 16px; text-align: left; white-space: normal;">\r\n<div class="configuration-item-row-title" style="margin: 0px; padding: 0px; font-family: Gilroy, sans-serif; text-decoration-line: none; color: #283242; outline-width: 0px; border-radius: 0px; box-sizing: border-box; font-size: 16px;"><span style="margin: 0px; padding: 0px 0px 18px; font-family: Gilroy, sans-serif; font-weight: 500; text-decoration-line: none; color: #283242; outline-width: 0px; border-radius: 0px; box-sizing: border-box; font-size: 20px; line-height: 24px; display: block;">Регулировка температуры</span></div>\r\n<div class="configuration-item-row-detail" style="margin: 0px; padding: 0px 0px 10px; font-family: Gilroy, sans-serif; text-decoration-line: none; color: #283242; outline-width: 0px; border-radius: 0px; box-sizing: border-box; font-size: 16px;">\r\n<div class="flex" style="margin: 0px; padding: 0px 0px 15px; font-family: Gilroy, sans-serif; text-decoration-line: none; color: #283242; outline-width: 0px; border-radius: 0px; box-sizing: border-box; font-size: 16px; display: flex; justify-content: space-between; align-items: flex-start; position: relative;"><span class="title" style="margin: 0px; padding: 0px; font-family: Gilroy, sans-serif; text-decoration-line: none; color: #8e939b; outline-width: 0px; border-radius: 0px; box-sizing: border-box; font-size: 16px; line-height: 22.4px; display: block; width: 322.5px;">Количество температурных режимов</span><span class="info" style="margin: 0px; padding: 0px; font-family: Gilroy, sans-serif; text-decoration-line: none; color: #283242; outline-width: 0px; border-radius: 0px; box-sizing: border-box; font-size: 16px; line-height: 22.4px; display: block; width: 322.5px; text-align: left;">3</span></div>\r\n</div>\r\n</div>\r\n<div class="configuration-item" style="margin: 0px; padding: 0px 0px 15px; font-family: Gilroy, sans-serif; text-decoration-line: none; color: #283242; outline-width: 0px; border-radius: 0px; box-sizing: border-box; font-size: 16px; text-align: left; white-space: normal;">\r\n<div class="configuration-item-row-title" style="margin: 0px; padding: 0px; font-family: Gilroy, sans-serif; text-decoration-line: none; color: #283242; outline-width: 0px; border-radius: 0px; box-sizing: border-box; font-size: 16px;"><span style="margin: 0px; padding: 0px 0px 18px; font-family: Gilroy, sans-serif; font-weight: 500; text-decoration-line: none; color: #283242; outline-width: 0px; border-radius: 0px; box-sizing: border-box; font-size: 20px; line-height: 24px; display: block;">Режимы работы и насадки</span></div>\r\n<div class="configuration-item-row-detail" style="margin: 0px; padding: 0px 0px 10px; font-family: Gilroy, sans-serif; text-decoration-line: none; color: #283242; outline-width: 0px; border-radius: 0px; box-sizing: border-box; font-size: 16px;">\r\n<div class="flex" style="margin: 0px; padding: 0px 0px 15px; font-family: Gilroy, sans-serif; text-decoration-line: none; color: #283242; outline-width: 0px; border-radius: 0px; box-sizing: border-box; font-size: 16px; display: flex; justify-content: space-between; align-items: flex-start; position: relative;"><span class="title" style="margin: 0px; padding: 0px; font-family: Gilroy, sans-serif; text-decoration-line: none; color: #8e939b; outline-width: 0px; border-radius: 0px; box-sizing: border-box; font-size: 16px; line-height: 22.4px; display: block; width: 322.5px;">Количество температурных режимов</span><span class="info" style="margin: 0px; padding: 0px; font-family: Gilroy, sans-serif; text-decoration-line: none; color: #283242; outline-width: 0px; border-radius: 0px; box-sizing: border-box; font-size: 16px; line-height: 22.4px; display: block; width: 322.5px; text-align: left;">3</span></div>\r\n<div class="flex" style="margin: 0px; padding: 0px 0px 15px; font-family: Gilroy, sans-serif; text-decoration-line: none; color: #283242; outline-width: 0px; border-radius: 0px; box-sizing: border-box; font-size: 16px; display: flex; justify-content: space-between; align-items: flex-start; position: relative;"><span class="title" style="margin: 0px; padding: 0px; font-family: Gilroy, sans-serif; text-decoration-line: none; color: #8e939b; outline-width: 0px; border-radius: 0px; box-sizing: border-box; font-size: 16px; line-height: 22.4px; display: block; width: 322.5px;">Насадки фена</span><span class="info" style="margin: 0px; padding: 0px; font-family: Gilroy, sans-serif; text-decoration-line: none; color: #283242; outline-width: 0px; border-radius: 0px; box-sizing: border-box; font-size: 16px; line-height: 22.4px; display: block; width: 322.5px; text-align: left;">Концентратор</span></div>\r\n</div>\r\n</div>\r\n<div class="configuration-item" style="margin: 0px; padding: 0px 0px 15px; font-family: Gilroy, sans-serif; text-decoration-line: none; color: #283242; outline-width: 0px; border-radius: 0px; box-sizing: border-box; font-size: 16px; text-align: left; white-space: normal;">\r\n<div class="configuration-item-row-title" style="margin: 0px; padding: 0px; font-family: Gilroy, sans-serif; text-decoration-line: none; color: #283242; outline-width: 0px; border-radius: 0px; box-sizing: border-box; font-size: 16px;"><span style="margin: 0px; padding: 0px 0px 18px; font-family: Gilroy, sans-serif; font-weight: 500; text-decoration-line: none; color: #283242; outline-width: 0px; border-radius: 0px; box-sizing: border-box; font-size: 20px; line-height: 24px; display: block;">Служебная информация</span></div>\r\n<div class="configuration-item-row-detail" style="margin: 0px; padding: 0px 0px 10px; font-family: Gilroy, sans-serif; text-decoration-line: none; color: #283242; outline-width: 0px; border-radius: 0px; box-sizing: border-box; font-size: 16px;">\r\n<div class="flex" style="margin: 0px; padding: 0px 0px 15px; font-family: Gilroy, sans-serif; text-decoration-line: none; color: #283242; outline-width: 0px; border-radius: 0px; box-sizing: border-box; font-size: 16px; display: flex; justify-content: space-between; align-items: flex-start; position: relative;"><span class="title" style="margin: 0px; padding: 0px; font-family: Gilroy, sans-serif; text-decoration-line: none; color: #8e939b; outline-width: 0px; border-radius: 0px; box-sizing: border-box; font-size: 16px; line-height: 22.4px; display: block; width: 322.5px;">Производитель</span><span class="info" style="margin: 0px; padding: 0px; font-family: Gilroy, sans-serif; text-decoration-line: none; color: #283242; outline-width: 0px; border-radius: 0px; box-sizing: border-box; font-size: 16px; line-height: 22.4px; display: block; width: 322.5px; text-align: left;">Panasonic</span></div>\r\n<div class="flex" style="margin: 0px; padding: 0px 0px 15px; font-family: Gilroy, sans-serif; text-decoration-line: none; color: #283242; outline-width: 0px; border-radius: 0px; box-sizing: border-box; font-size: 16px; display: flex; justify-content: space-between; align-items: flex-start; position: relative;"><span class="title" style="margin: 0px; padding: 0px; font-family: Gilroy, sans-serif; text-decoration-line: none; color: #8e939b; outline-width: 0px; border-radius: 0px; box-sizing: border-box; font-size: 16px; line-height: 22.4px; display: block; width: 322.5px;">Гарантия</span><span class="info" style="margin: 0px; padding: 0px; font-family: Gilroy, sans-serif; text-decoration-line: none; color: #283242; outline-width: 0px; border-radius: 0px; box-sizing: border-box; font-size: 16px; line-height: 22.4px; display: block; width: 322.5px; text-align: left;">3 года</span></div>\r\n<div class="flex" style="margin: 0px; padding: 0px 0px 15px; font-family: Gilroy, sans-serif; text-decoration-line: none; color: #283242; outline-width: 0px; border-radius: 0px; box-sizing: border-box; font-size: 16px; display: flex; justify-content: space-between; align-items: flex-start; position: relative;"><span class="title" style="margin: 0px; padding: 0px; font-family: Gilroy, sans-serif; text-decoration-line: none; color: #8e939b; outline-width: 0px; border-radius: 0px; box-sizing: border-box; font-size: 16px; line-height: 22.4px; display: block; width: 322.5px;">Цвет</span><span class="info" style="margin: 0px; padding: 0px; font-family: Gilroy, sans-serif; text-decoration-line: none; color: #283242; outline-width: 0px; border-radius: 0px; box-sizing: border-box; font-size: 16px; line-height: 22.4px; display: block; width: 322.5px; text-align: left;">Чёрный</span></div>\r\n<div class="flex" style="margin: 0px; padding: 0px 0px 15px; font-family: Gilroy, sans-serif; text-decoration-line: none; color: #283242; outline-width: 0px; border-radius: 0px; box-sizing: border-box; font-size: 16px; display: flex; justify-content: space-between; align-items: flex-start; position: relative;"><span class="title" style="margin: 0px; padding: 0px; font-family: Gilroy, sans-serif; text-decoration-line: none; color: #8e939b; outline-width: 0px; border-radius: 0px; box-sizing: border-box; font-size: 16px; line-height: 22.4px; display: block; width: 322.5px;">Страна происхождения</span><span class="info" style="margin: 0px; padding: 0px; font-family: Gilroy, sans-serif; text-decoration-line: none; color: #283242; outline-width: 0px; border-radius: 0px; box-sizing: border-box; font-size: 16px; line-height: 22.4px; display: block; width: 322.5px; text-align: left;">Китай</span></div>\r\n</div>\r\n</div>\r\n</div>\r\n</div>\r\n</div>\r\n</div>
7	Стиральная машина LG TW4V9EW9P	stiralnaya-mashina-lg-tw4v9ew9p	25	12798800	Чёрный	#000000	2026-04-20 12:54:22.040446+00	2026-04-23 12:08:39.541065+00	0	5	28	LG TW4V9EW9P — это вместительная стиральная машина с фронтальной загрузкой, созданная для бережной и эффективной стирки больших объёмов белья. Технология AI DD, быстрая стирка TurboWash 360˚ и функция пара Steam+ делают её идеальным решением для современной семьи, ценящей время, заботу о вещах и умные технологии.  Искусственный интеллект AI DD для бережного ухода Технология AI DD распознаёт не только вес, но и тип ткани, анализируя до 20 000 её характеристик. Интеллектуальная система автоматически подбирает оптимальные движения барабана, обеспечивая на 18% меньше повреждений ткани по сравнению с обычными циклами — ваши вещи дольше сохраняют первоначальный вид.  Быстрая стирка без компромиссов Технология TurboWash360˚ с системой 3D-распыления воды и инверторным насосом обеспечивает тщательную очистку всего за 39 минут. Мощные струи под разными углами эффективно удаляют загрязнения, экономя ваше время без ущерба для качества стирки и бережного отношения к ткани.	t	<div class="configuration-item" style="margin: 0px; padding: 0px 0px 15px; font-family: Gilroy, sans-serif; text-decoration-line: none; color: #283242; outline-width: 0px; border-radius: 0px; box-sizing: border-box; font-size: 16px; text-align: left; white-space: normal;">\r\n<div class="configuration-item-row-title" style="margin: 0px; padding: 0px; font-family: Gilroy, sans-serif; text-decoration-line: none; color: #283242; outline-width: 0px; border-radius: 0px; box-sizing: border-box; font-size: 16px;"><span style="margin: 0px; padding: 0px 0px 18px; font-family: Gilroy, sans-serif; font-weight: 500; text-decoration-line: none; color: #283242; outline-width: 0px; border-radius: 0px; box-sizing: border-box; font-size: 20px; line-height: 24px; display: block;">Общие</span></div>\r\n<div class="configuration-item-row-detail" style="margin: 0px; padding: 0px 0px 10px; font-family: Gilroy, sans-serif; text-decoration-line: none; color: #283242; outline-width: 0px; border-radius: 0px; box-sizing: border-box; font-size: 16px;">\r\n<div class="flex" style="margin: 0px; padding: 0px 0px 15px; font-family: Gilroy, sans-serif; text-decoration-line: none; color: #283242; outline-width: 0px; border-radius: 0px; box-sizing: border-box; font-size: 16px; display: flex; justify-content: space-between; align-items: flex-start; position: relative;"><span class="title" style="margin: 0px; padding: 0px; font-family: Gilroy, sans-serif; text-decoration-line: none; color: #8e939b; outline-width: 0px; border-radius: 0px; box-sizing: border-box; font-size: 16px; line-height: 22.4px; display: block; width: 322.5px;">Максимальная загрузка белья</span><span class="info" style="margin: 0px; padding: 0px; font-family: Gilroy, sans-serif; text-decoration-line: none; color: #283242; outline-width: 0px; border-radius: 0px; box-sizing: border-box; font-size: 16px; line-height: 22.4px; display: block; width: 322.5px; text-align: left;">11 кг</span></div>\r\n<div class="flex" style="margin: 0px; padding: 0px 0px 15px; font-family: Gilroy, sans-serif; text-decoration-line: none; color: #283242; outline-width: 0px; border-radius: 0px; box-sizing: border-box; font-size: 16px; display: flex; justify-content: space-between; align-items: flex-start; position: relative;"><span class="title" style="margin: 0px; padding: 0px; font-family: Gilroy, sans-serif; text-decoration-line: none; color: #8e939b; outline-width: 0px; border-radius: 0px; box-sizing: border-box; font-size: 16px; line-height: 22.4px; display: block; width: 322.5px;">Сушка</span><span class="info" style="margin: 0px; padding: 0px; font-family: Gilroy, sans-serif; text-decoration-line: none; color: #283242; outline-width: 0px; border-radius: 0px; box-sizing: border-box; font-size: 16px; line-height: 22.4px; display: block; width: 322.5px; text-align: left;">Нет</span></div>\r\n<div class="flex" style="margin: 0px; padding: 0px 0px 15px; font-family: Gilroy, sans-serif; text-decoration-line: none; color: #283242; outline-width: 0px; border-radius: 0px; box-sizing: border-box; font-size: 16px; display: flex; justify-content: space-between; align-items: flex-start; position: relative;"><span class="title" style="margin: 0px; padding: 0px; font-family: Gilroy, sans-serif; text-decoration-line: none; color: #8e939b; outline-width: 0px; border-radius: 0px; box-sizing: border-box; font-size: 16px; line-height: 22.4px; display: block; width: 322.5px;">Тип двигателя</span><span class="info" style="margin: 0px; padding: 0px; font-family: Gilroy, sans-serif; text-decoration-line: none; color: #283242; outline-width: 0px; border-radius: 0px; box-sizing: border-box; font-size: 16px; line-height: 22.4px; display: block; width: 322.5px; text-align: left;">Инверторный</span></div>\r\n<div class="flex" style="margin: 0px; padding: 0px 0px 15px; font-family: Gilroy, sans-serif; text-decoration-line: none; color: #283242; outline-width: 0px; border-radius: 0px; box-sizing: border-box; font-size: 16px; display: flex; justify-content: space-between; align-items: flex-start; position: relative;"><span class="title" style="margin: 0px; padding: 0px; font-family: Gilroy, sans-serif; text-decoration-line: none; color: #8e939b; outline-width: 0px; border-radius: 0px; box-sizing: border-box; font-size: 16px; line-height: 22.4px; display: block; width: 322.5px;">Тип управления</span><span class="info" style="margin: 0px; padding: 0px; font-family: Gilroy, sans-serif; text-decoration-line: none; color: #283242; outline-width: 0px; border-radius: 0px; box-sizing: border-box; font-size: 16px; line-height: 22.4px; display: block; width: 322.5px; text-align: left;">Электронное / Со смартфона</span></div>\r\n</div>\r\n</div>\r\n<div class="configuration-item" style="margin: 0px; padding: 0px 0px 15px; font-family: Gilroy, sans-serif; text-decoration-line: none; color: #283242; outline-width: 0px; border-radius: 0px; box-sizing: border-box; font-size: 16px; text-align: left; white-space: normal;">\r\n<div class="configuration-item-row-title" style="margin: 0px; padding: 0px; font-family: Gilroy, sans-serif; text-decoration-line: none; color: #283242; outline-width: 0px; border-radius: 0px; box-sizing: border-box; font-size: 16px;"><span style="margin: 0px; padding: 0px 0px 18px; font-family: Gilroy, sans-serif; font-weight: 500; text-decoration-line: none; color: #283242; outline-width: 0px; border-radius: 0px; box-sizing: border-box; font-size: 20px; line-height: 24px; display: block;">Класс эффективности</span></div>\r\n<div class="configuration-item-row-detail" style="margin: 0px; padding: 0px 0px 10px; font-family: Gilroy, sans-serif; text-decoration-line: none; color: #283242; outline-width: 0px; border-radius: 0px; box-sizing: border-box; font-size: 16px;">\r\n<div class="flex" style="margin: 0px; padding: 0px 0px 15px; font-family: Gilroy, sans-serif; text-decoration-line: none; color: #283242; outline-width: 0px; border-radius: 0px; box-sizing: border-box; font-size: 16px; display: flex; justify-content: space-between; align-items: flex-start; position: relative;"><span class="title" style="margin: 0px; padding: 0px; font-family: Gilroy, sans-serif; text-decoration-line: none; color: #8e939b; outline-width: 0px; border-radius: 0px; box-sizing: border-box; font-size: 16px; line-height: 22.4px; display: block; width: 322.5px;">Класс эффективности отжима</span><span class="info" style="margin: 0px; padding: 0px; font-family: Gilroy, sans-serif; text-decoration-line: none; color: #283242; outline-width: 0px; border-radius: 0px; box-sizing: border-box; font-size: 16px; line-height: 22.4px; display: block; width: 322.5px; text-align: left;">А</span></div>\r\n</div>\r\n</div>\r\n<div class="configuration-item" style="margin: 0px; padding: 0px 0px 15px; font-family: Gilroy, sans-serif; text-decoration-line: none; color: #283242; outline-width: 0px; border-radius: 0px; box-sizing: border-box; font-size: 16px; text-align: left; white-space: normal;">\r\n<div class="configuration-item-row-title" style="margin: 0px; padding: 0px; font-family: Gilroy, sans-serif; text-decoration-line: none; color: #283242; outline-width: 0px; border-radius: 0px; box-sizing: border-box; font-size: 16px;"><span style="margin: 0px; padding: 0px 0px 18px; font-family: Gilroy, sans-serif; font-weight: 500; text-decoration-line: none; color: #283242; outline-width: 0px; border-radius: 0px; box-sizing: border-box; font-size: 20px; line-height: 24px; display: block;">Функции</span></div>\r\n<div class="configuration-item-row-detail" style="margin: 0px; padding: 0px 0px 10px; font-family: Gilroy, sans-serif; text-decoration-line: none; color: #283242; outline-width: 0px; border-radius: 0px; box-sizing: border-box; font-size: 16px;">\r\n<div class="flex" style="margin: 0px; padding: 0px 0px 15px; font-family: Gilroy, sans-serif; text-decoration-line: none; color: #283242; outline-width: 0px; border-radius: 0px; box-sizing: border-box; font-size: 16px; display: flex; justify-content: space-between; align-items: flex-start; position: relative;"><span class="title" style="margin: 0px; padding: 0px; font-family: Gilroy, sans-serif; text-decoration-line: none; color: #8e939b; outline-width: 0px; border-radius: 0px; box-sizing: border-box; font-size: 16px; line-height: 22.4px; display: block; width: 322.5px;">Количество программ</span><span class="info" style="margin: 0px; padding: 0px; font-family: Gilroy, sans-serif; text-decoration-line: none; color: #283242; outline-width: 0px; border-radius: 0px; box-sizing: border-box; font-size: 16px; line-height: 22.4px; display: block; width: 322.5px; text-align: left;">14</span></div>\r\n</div>\r\n</div>\r\n<div class="configuration-item" style="margin: 0px; padding: 0px 0px 15px; font-family: Gilroy, sans-serif; text-decoration-line: none; color: #283242; outline-width: 0px; border-radius: 0px; box-sizing: border-box; font-size: 16px; text-align: left; white-space: normal;">\r\n<div class="configuration-item-row-title" style="margin: 0px; padding: 0px; font-family: Gilroy, sans-serif; text-decoration-line: none; color: #283242; outline-width: 0px; border-radius: 0px; box-sizing: border-box; font-size: 16px;"><span style="margin: 0px; padding: 0px 0px 18px; font-family: Gilroy, sans-serif; font-weight: 500; text-decoration-line: none; color: #283242; outline-width: 0px; border-radius: 0px; box-sizing: border-box; font-size: 20px; line-height: 24px; display: block;">Индикация</span></div>\r\n<div class="configuration-item-row-detail" style="margin: 0px; padding: 0px 0px 10px; font-family: Gilroy, sans-serif; text-decoration-line: none; color: #283242; outline-width: 0px; border-radius: 0px; box-sizing: border-box; font-size: 16px;">\r\n<div class="flex" style="margin: 0px; padding: 0px 0px 15px; font-family: Gilroy, sans-serif; text-decoration-line: none; color: #283242; outline-width: 0px; border-radius: 0px; box-sizing: border-box; font-size: 16px; display: flex; justify-content: space-between; align-items: flex-start; position: relative;"><span class="title" style="margin: 0px; padding: 0px; font-family: Gilroy, sans-serif; text-decoration-line: none; color: #8e939b; outline-width: 0px; border-radius: 0px; box-sizing: border-box; font-size: 16px; line-height: 22.4px; display: block; width: 322.5px;">Дисплей</span><span class="info" style="margin: 0px; padding: 0px; font-family: Gilroy, sans-serif; text-decoration-line: none; color: #283242; outline-width: 0px; border-radius: 0px; box-sizing: border-box; font-size: 16px; line-height: 22.4px; display: block; width: 322.5px; text-align: left;">Есть</span></div>\r\n</div>\r\n</div>\r\n<div class="configuration-item" style="margin: 0px; padding: 0px 0px 15px; font-family: Gilroy, sans-serif; text-decoration-line: none; color: #283242; outline-width: 0px; border-radius: 0px; box-sizing: border-box; font-size: 16px; text-align: left; white-space: normal;">\r\n<div class="configuration-item-row-title" style="margin: 0px; padding: 0px; font-family: Gilroy, sans-serif; text-decoration-line: none; color: #283242; outline-width: 0px; border-radius: 0px; box-sizing: border-box; font-size: 16px;"><span style="margin: 0px; padding: 0px 0px 18px; font-family: Gilroy, sans-serif; font-weight: 500; text-decoration-line: none; color: #283242; outline-width: 0px; border-radius: 0px; box-sizing: border-box; font-size: 20px; line-height: 24px; display: block;">Безопасность</span></div>\r\n<div class="configuration-item-row-detail" style="margin: 0px; padding: 0px 0px 10px; font-family: Gilroy, sans-serif; text-decoration-line: none; color: #283242; outline-width: 0px; border-radius: 0px; box-sizing: border-box; font-size: 16px;">\r\n<div class="flex" style="margin: 0px; padding: 0px 0px 15px; font-family: Gilroy, sans-serif; text-decoration-line: none; color: #283242; outline-width: 0px; border-radius: 0px; box-sizing: border-box; font-size: 16px; display: flex; justify-content: space-between; align-items: flex-start; position: relative;"><span class="title" style="margin: 0px; padding: 0px; font-family: Gilroy, sans-serif; text-decoration-line: none; color: #8e939b; outline-width: 0px; border-radius: 0px; box-sizing: border-box; font-size: 16px; line-height: 22.4px; display: block; width: 322.5px;">Защита от протечек</span><span class="info" style="margin: 0px; padding: 0px; font-family: Gilroy, sans-serif; text-decoration-line: none; color: #283242; outline-width: 0px; border-radius: 0px; box-sizing: border-box; font-size: 16px; line-height: 22.4px; display: block; width: 322.5px; text-align: left;">Есть</span></div>\r\n</div>\r\n</div>\r\n<div class="configuration-item" style="margin: 0px; padding: 0px 0px 15px; font-family: Gilroy, sans-serif; text-decoration-line: none; color: #283242; outline-width: 0px; border-radius: 0px; box-sizing: border-box; font-size: 16px; text-align: left; white-space: normal;">\r\n<div class="configuration-item-row-title" style="margin: 0px; padding: 0px; font-family: Gilroy, sans-serif; text-decoration-line: none; color: #283242; outline-width: 0px; border-radius: 0px; box-sizing: border-box; font-size: 16px;"><span style="margin: 0px; padding: 0px 0px 18px; font-family: Gilroy, sans-serif; font-weight: 500; text-decoration-line: none; color: #283242; outline-width: 0px; border-radius: 0px; box-sizing: border-box; font-size: 20px; line-height: 24px; display: block;">Энергопотребление</span></div>\r\n<div class="configuration-item-row-detail" style="margin: 0px; padding: 0px 0px 10px; font-family: Gilroy, sans-serif; text-decoration-line: none; color: #283242; outline-width: 0px; border-radius: 0px; box-sizing: border-box; font-size: 16px;">\r\n<div class="flex" style="margin: 0px; padding: 0px 0px 15px; font-family: Gilroy, sans-serif; text-decoration-line: none; color: #283242; outline-width: 0px; border-radius: 0px; box-sizing: border-box; font-size: 16px; display: flex; justify-content: space-between; align-items: flex-start; position: relative;"><span class="title" style="margin: 0px; padding: 0px; font-family: Gilroy, sans-serif; text-decoration-line: none; color: #8e939b; outline-width: 0px; border-radius: 0px; box-sizing: border-box; font-size: 16px; line-height: 22.4px; display: block; width: 322.5px;">Расход воды</span><span class="info" style="margin: 0px; padding: 0px; font-family: Gilroy, sans-serif; text-decoration-line: none; color: #283242; outline-width: 0px; border-radius: 0px; box-sizing: border-box; font-size: 16px; line-height: 22.4px; display: block; width: 322.5px; text-align: left;">55 л</span></div>\r\n<div class="flex" style="margin: 0px; padding: 0px 0px 15px; font-family: Gilroy, sans-serif; text-decoration-line: none; color: #283242; outline-width: 0px; border-radius: 0px; box-sizing: border-box; font-size: 16px; display: flex; justify-content: space-between; align-items: flex-start; position: relative;"><span class="title" style="margin: 0px; padding: 0px; font-family: Gilroy, sans-serif; text-decoration-line: none; color: #8e939b; outline-width: 0px; border-radius: 0px; box-sizing: border-box; font-size: 16px; line-height: 22.4px; display: block; width: 322.5px;">Уровень шума</span><span class="info" style="margin: 0px; padding: 0px; font-family: Gilroy, sans-serif; text-decoration-line: none; color: #283242; outline-width: 0px; border-radius: 0px; box-sizing: border-box; font-size: 16px; line-height: 22.4px; display: block; width: 322.5px; text-align: left;">72 дБ</span></div>\r\n</div>\r\n</div>\r\n<div class="configuration-item" style="margin: 0px; padding: 0px 0px 15px; font-family: Gilroy, sans-serif; text-decoration-line: none; color: #283242; outline-width: 0px; border-radius: 0px; box-sizing: border-box; font-size: 16px; text-align: left; white-space: normal;">\r\n<div class="configuration-item-row-title" style="margin: 0px; padding: 0px; font-family: Gilroy, sans-serif; text-decoration-line: none; color: #283242; outline-width: 0px; border-radius: 0px; box-sizing: border-box; font-size: 16px;"><span style="margin: 0px; padding: 0px 0px 18px; font-family: Gilroy, sans-serif; font-weight: 500; text-decoration-line: none; color: #283242; outline-width: 0px; border-radius: 0px; box-sizing: border-box; font-size: 20px; line-height: 24px; display: block;">Габариты и вес</span></div>\r\n<div class="configuration-item-row-detail" style="margin: 0px; padding: 0px 0px 10px; font-family: Gilroy, sans-serif; text-decoration-line: none; color: #283242; outline-width: 0px; border-radius: 0px; box-sizing: border-box; font-size: 16px;">\r\n<div class="flex" style="margin: 0px; padding: 0px 0px 15px; font-family: Gilroy, sans-serif; text-decoration-line: none; color: #283242; outline-width: 0px; border-radius: 0px; box-sizing: border-box; font-size: 16px; display: flex; justify-content: space-between; align-items: flex-start; position: relative;"><span class="title" style="margin: 0px; padding: 0px; font-family: Gilroy, sans-serif; text-decoration-line: none; color: #8e939b; outline-width: 0px; border-radius: 0px; box-sizing: border-box; font-size: 16px; line-height: 22.4px; display: block; width: 322.5px;">Вес</span><span class="info" style="margin: 0px; padding: 0px; font-family: Gilroy, sans-serif; text-decoration-line: none; color: #283242; outline-width: 0px; border-radius: 0px; box-sizing: border-box; font-size: 16px; line-height: 22.4px; display: block; width: 322.5px; text-align: left;">70 кг</span></div>\r\n<div class="flex" style="margin: 0px; padding: 0px 0px 15px; font-family: Gilroy, sans-serif; text-decoration-line: none; color: #283242; outline-width: 0px; border-radius: 0px; box-sizing: border-box; font-size: 16px; display: flex; justify-content: space-between; align-items: flex-start; position: relative;"><span class="title" style="margin: 0px; padding: 0px; font-family: Gilroy, sans-serif; text-decoration-line: none; color: #8e939b; outline-width: 0px; border-radius: 0px; box-sizing: border-box; font-size: 16px; line-height: 22.4px; display: block; width: 322.5px;">Ширина</span><span class="info" style="margin: 0px; padding: 0px; font-family: Gilroy, sans-serif; text-decoration-line: none; color: #283242; outline-width: 0px; border-radius: 0px; box-sizing: border-box; font-size: 16px; line-height: 22.4px; display: block; width: 322.5px; text-align: left;">60 см</span></div>\r\n<div class="flex" style="margin: 0px; padding: 0px 0px 15px; font-family: Gilroy, sans-serif; text-decoration-line: none; color: #283242; outline-width: 0px; border-radius: 0px; box-sizing: border-box; font-size: 16px; display: flex; justify-content: space-between; align-items: flex-start; position: relative;"><span class="title" style="margin: 0px; padding: 0px; font-family: Gilroy, sans-serif; text-decoration-line: none; color: #8e939b; outline-width: 0px; border-radius: 0px; box-sizing: border-box; font-size: 16px; line-height: 22.4px; display: block; width: 322.5px;">Высота</span><span class="info" style="margin: 0px; padding: 0px; font-family: Gilroy, sans-serif; text-decoration-line: none; color: #283242; outline-width: 0px; border-radius: 0px; box-sizing: border-box; font-size: 16px; line-height: 22.4px; display: block; width: 322.5px; text-align: left;">85 см</span></div>\r\n<div class="flex" style="margin: 0px; padding: 0px 0px 15px; font-family: Gilroy, sans-serif; text-decoration-line: none; color: #283242; outline-width: 0px; border-radius: 0px; box-sizing: border-box; font-size: 16px; display: flex; justify-content: space-between; align-items: flex-start; position: relative;"><span class="title" style="margin: 0px; padding: 0px; font-family: Gilroy, sans-serif; text-decoration-line: none; color: #8e939b; outline-width: 0px; border-radius: 0px; box-sizing: border-box; font-size: 16px; line-height: 22.4px; display: block; width: 322.5px;">Глубина</span><span class="info" style="margin: 0px; padding: 0px; font-family: Gilroy, sans-serif; text-decoration-line: none; color: #283242; outline-width: 0px; border-radius: 0px; box-sizing: border-box; font-size: 16px; line-height: 22.4px; display: block; width: 322.5px; text-align: left;">56.5 см</span></div>\r\n</div>\r\n</div>\r\n<div class="configuration-item" style="margin: 0px; padding: 0px 0px 15px; font-family: Gilroy, sans-serif; text-decoration-line: none; color: #283242; outline-width: 0px; border-radius: 0px; box-sizing: border-box; font-size: 16px; text-align: left; white-space: normal;">\r\n<div class="configuration-item-row-title" style="margin: 0px; padding: 0px; font-family: Gilroy, sans-serif; text-decoration-line: none; color: #283242; outline-width: 0px; border-radius: 0px; box-sizing: border-box; font-size: 16px;"><span style="margin: 0px; padding: 0px 0px 18px; font-family: Gilroy, sans-serif; font-weight: 500; text-decoration-line: none; color: #283242; outline-width: 0px; border-radius: 0px; box-sizing: border-box; font-size: 20px; line-height: 24px; display: block;">Служебная информация</span></div>\r\n<div class="configuration-item-row-detail" style="margin: 0px; padding: 0px 0px 10px; font-family: Gilroy, sans-serif; text-decoration-line: none; color: #283242; outline-width: 0px; border-radius: 0px; box-sizing: border-box; font-size: 16px;">\r\n<div class="flex" style="margin: 0px; padding: 0px 0px 15px; font-family: Gilroy, sans-serif; text-decoration-line: none; color: #283242; outline-width: 0px; border-radius: 0px; box-sizing: border-box; font-size: 16px; display: flex; justify-content: space-between; align-items: flex-start; position: relative;"><span class="title" style="margin: 0px; padding: 0px; font-family: Gilroy, sans-serif; text-decoration-line: none; color: #8e939b; outline-width: 0px; border-radius: 0px; box-sizing: border-box; font-size: 16px; line-height: 22.4px; display: block; width: 322.5px;">Производитель</span><span class="info" style="margin: 0px; padding: 0px; font-family: Gilroy, sans-serif; text-decoration-line: none; color: #283242; outline-width: 0px; border-radius: 0px; box-sizing: border-box; font-size: 16px; line-height: 22.4px; display: block; width: 322.5px; text-align: left;">LG</span></div>\r\n<div class="flex" style="margin: 0px; padding: 0px 0px 15px; font-family: Gilroy, sans-serif; text-decoration-line: none; color: #283242; outline-width: 0px; border-radius: 0px; box-sizing: border-box; font-size: 16px; display: flex; justify-content: space-between; align-items: flex-start; position: relative;"><span class="title" style="margin: 0px; padding: 0px; font-family: Gilroy, sans-serif; text-decoration-line: none; color: #8e939b; outline-width: 0px; border-radius: 0px; box-sizing: border-box; font-size: 16px; line-height: 22.4px; display: block; width: 322.5px;">Гарантия</span><span class="info" style="margin: 0px; padding: 0px; font-family: Gilroy, sans-serif; text-decoration-line: none; color: #283242; outline-width: 0px; border-radius: 0px; box-sizing: border-box; font-size: 16px; line-height: 22.4px; display: block; width: 322.5px; text-align: left;">1 год</span></div>\r\n<div class="flex" style="margin: 0px; padding: 0px 0px 15px; font-family: Gilroy, sans-serif; text-decoration-line: none; color: #283242; outline-width: 0px; border-radius: 0px; box-sizing: border-box; font-size: 16px; display: flex; justify-content: space-between; align-items: flex-start; position: relative;"><span class="title" style="margin: 0px; padding: 0px; font-family: Gilroy, sans-serif; text-decoration-line: none; color: #8e939b; outline-width: 0px; border-radius: 0px; box-sizing: border-box; font-size: 16px; line-height: 22.4px; display: block; width: 322.5px;">Цвет</span><span class="info" style="margin: 0px; padding: 0px; font-family: Gilroy, sans-serif; text-decoration-line: none; color: #283242; outline-width: 0px; border-radius: 0px; box-sizing: border-box; font-size: 16px; line-height: 22.4px; display: block; width: 322.5px; text-align: left;">Чёрный</span></div>\r\n<div class="flex" style="margin: 0px; padding: 0px 0px 15px; font-family: Gilroy, sans-serif; text-decoration-line: none; color: #283242; outline-width: 0px; border-radius: 0px; box-sizing: border-box; font-size: 16px; display: flex; justify-content: space-between; align-items: flex-start; position: relative;"><span class="title" style="margin: 0px; padding: 0px; font-family: Gilroy, sans-serif; text-decoration-line: none; color: #8e939b; outline-width: 0px; border-radius: 0px; box-sizing: border-box; font-size: 16px; line-height: 22.4px; display: block; width: 322.5px;">Страна происхождения</span><span class="info" style="margin: 0px; padding: 0px; font-family: Gilroy, sans-serif; text-decoration-line: none; color: #283242; outline-width: 0px; border-radius: 0px; box-sizing: border-box; font-size: 16px; line-height: 22.4px; display: block; width: 322.5px; text-align: left;">Китай</span></div>\r\n</div>\r\n</div>
6	Холодильник Midea MDRB524MGE46ODM	holodilnik-midea-mdrb524mge46odm	30	10383500	Серебристый	#C0C0C0	2026-04-20 12:51:49.265319+00	2026-04-23 12:09:34.888432+00	50	7	5	Холодильник Midea MDRB524MGE46ODM — современная двухдверная модель с нижним расположением морозильной камеры, созданная для комфортного и эффективного хранения продуктов. Корпус выполнен из нержавеющей стали, что придает технике стильный внешний вид и обеспечивает долговечность.  Общий полезный объем составляет 386 л, из них 263 л — холодильная камера и 123 л — морозильная. Уровень шума не превышает 35 дБ, что делает холодильник практически бесшумным. Благодаря системе No Frost не требуется ручное размораживание, а продукты сохраняют свежесть дольше.  В холодильной камере установлены три полки из закалённого стекла, два ящика и три полки на дверце. Есть зона свежести сухого типа, форма для льда и подставка для яиц. Морозильная камера включает три выдвижных ящика.  Холодильник оснащён инверторным компрессором, обеспечивающим стабильную работу при низком энергопотреблении (класс A++).	t	<div class="tab-cont" style="margin: 0px; padding: 0px 159.99px 0px 0px; font-family: Gilroy, sans-serif; text-decoration-line: none; color: #283242; outline-width: 0px; border-radius: 0px; box-sizing: border-box; font-size: 16px; width: calc(100% - 385px); text-align: left; white-space: normal;">\r\n<div class="configuration" style="margin: 0px; padding: 10px 0px 0px; font-family: Gilroy, sans-serif; text-decoration-line: none; color: #283242; outline-width: 0px; border-radius: 0px; box-sizing: border-box; font-size: 16px; max-width: 645px; width: 645px;">\r\n<div class="configuration-item" style="margin: 0px; padding: 0px 0px 15px; font-family: Gilroy, sans-serif; text-decoration-line: none; color: #283242; outline-width: 0px; border-radius: 0px; box-sizing: border-box; font-size: 16px;">\r\n<div class="configuration-item-row-title" style="margin: 0px; padding: 0px; font-family: Gilroy, sans-serif; text-decoration-line: none; color: #283242; outline-width: 0px; border-radius: 0px; box-sizing: border-box; font-size: 16px;"><span style="margin: 0px; padding: 0px 0px 18px; font-family: Gilroy, sans-serif; font-weight: 500; text-decoration-line: none; color: #283242; outline-width: 0px; border-radius: 0px; box-sizing: border-box; font-size: 20px; line-height: 24px; display: block;">Общие</span></div>\r\n<div class="configuration-item-row-detail" style="margin: 0px; padding: 0px 0px 10px; font-family: Gilroy, sans-serif; text-decoration-line: none; color: #283242; outline-width: 0px; border-radius: 0px; box-sizing: border-box; font-size: 16px;">\r\n<div class="flex" style="margin: 0px; padding: 0px 0px 15px; font-family: Gilroy, sans-serif; text-decoration-line: none; color: #283242; outline-width: 0px; border-radius: 0px; box-sizing: border-box; font-size: 16px; display: flex; justify-content: space-between; align-items: flex-start; position: relative;"><span class="title" style="margin: 0px; padding: 0px; font-family: Gilroy, sans-serif; text-decoration-line: none; color: #8e939b; outline-width: 0px; border-radius: 0px; box-sizing: border-box; font-size: 16px; line-height: 22.4px; display: block; width: 322.5px;">Тип холодильника</span><span class="info" style="margin: 0px; padding: 0px; font-family: Gilroy, sans-serif; text-decoration-line: none; color: #283242; outline-width: 0px; border-radius: 0px; box-sizing: border-box; font-size: 16px; line-height: 22.4px; display: block; width: 322.5px; text-align: left;">Двухкамерный</span></div>\r\n<div class="flex" style="margin: 0px; padding: 0px 0px 15px; font-family: Gilroy, sans-serif; text-decoration-line: none; color: #283242; outline-width: 0px; border-radius: 0px; box-sizing: border-box; font-size: 16px; display: flex; justify-content: space-between; align-items: flex-start; position: relative;"><span class="title" style="margin: 0px; padding: 0px; font-family: Gilroy, sans-serif; text-decoration-line: none; color: #8e939b; outline-width: 0px; border-radius: 0px; box-sizing: border-box; font-size: 16px; line-height: 22.4px; display: block; width: 322.5px;">Общий объем</span><span class="info" style="margin: 0px; padding: 0px; font-family: Gilroy, sans-serif; text-decoration-line: none; color: #283242; outline-width: 0px; border-radius: 0px; box-sizing: border-box; font-size: 16px; line-height: 22.4px; display: block; width: 322.5px; text-align: left;">386 л</span></div>\r\n<div class="flex" style="margin: 0px; padding: 0px 0px 15px; font-family: Gilroy, sans-serif; text-decoration-line: none; color: #283242; outline-width: 0px; border-radius: 0px; box-sizing: border-box; font-size: 16px; display: flex; justify-content: space-between; align-items: flex-start; position: relative;"><span class="title" style="margin: 0px; padding: 0px; font-family: Gilroy, sans-serif; text-decoration-line: none; color: #8e939b; outline-width: 0px; border-radius: 0px; box-sizing: border-box; font-size: 16px; line-height: 22.4px; display: block; width: 322.5px;">Тип компрессора</span><span class="info" style="margin: 0px; padding: 0px; font-family: Gilroy, sans-serif; text-decoration-line: none; color: #283242; outline-width: 0px; border-radius: 0px; box-sizing: border-box; font-size: 16px; line-height: 22.4px; display: block; width: 322.5px; text-align: left;">Инверторный</span></div>\r\n<div class="flex" style="margin: 0px; padding: 0px 0px 15px; font-family: Gilroy, sans-serif; text-decoration-line: none; color: #283242; outline-width: 0px; border-radius: 0px; box-sizing: border-box; font-size: 16px; display: flex; justify-content: space-between; align-items: flex-start; position: relative;"><span class="title" style="margin: 0px; padding: 0px; font-family: Gilroy, sans-serif; text-decoration-line: none; color: #8e939b; outline-width: 0px; border-radius: 0px; box-sizing: border-box; font-size: 16px; line-height: 22.4px; display: block; width: 322.5px;">Тип управления</span><span class="info" style="margin: 0px; padding: 0px; font-family: Gilroy, sans-serif; text-decoration-line: none; color: #283242; outline-width: 0px; border-radius: 0px; box-sizing: border-box; font-size: 16px; line-height: 22.4px; display: block; width: 322.5px; text-align: left;">Электронное</span></div>\r\n<div class="flex" style="margin: 0px; padding: 0px 0px 15px; font-family: Gilroy, sans-serif; text-decoration-line: none; color: #283242; outline-width: 0px; border-radius: 0px; box-sizing: border-box; font-size: 16px; display: flex; justify-content: space-between; align-items: flex-start; position: relative;"><span class="title" style="margin: 0px; padding: 0px; font-family: Gilroy, sans-serif; text-decoration-line: none; color: #8e939b; outline-width: 0px; border-radius: 0px; box-sizing: border-box; font-size: 16px; line-height: 22.4px; display: block; width: 322.5px;">Тип установки</span><span class="info" style="margin: 0px; padding: 0px; font-family: Gilroy, sans-serif; text-decoration-line: none; color: #283242; outline-width: 0px; border-radius: 0px; box-sizing: border-box; font-size: 16px; line-height: 22.4px; display: block; width: 322.5px; text-align: left;">Отдельностоящий</span></div>\r\n<div class="flex" style="margin: 0px; padding: 0px 0px 15px; font-family: Gilroy, sans-serif; text-decoration-line: none; color: #283242; outline-width: 0px; border-radius: 0px; box-sizing: border-box; font-size: 16px; display: flex; justify-content: space-between; align-items: flex-start; position: relative;"><span class="title" style="margin: 0px; padding: 0px; font-family: Gilroy, sans-serif; text-decoration-line: none; color: #8e939b; outline-width: 0px; border-radius: 0px; box-sizing: border-box; font-size: 16px; line-height: 22.4px; display: block; width: 322.5px;">Тип хладагента</span><span class="info" style="margin: 0px; padding: 0px; font-family: Gilroy, sans-serif; text-decoration-line: none; color: #283242; outline-width: 0px; border-radius: 0px; box-sizing: border-box; font-size: 16px; line-height: 22.4px; display: block; width: 322.5px; text-align: left;">R600a</span></div>\r\n</div>\r\n</div>\r\n<div class="configuration-item" style="margin: 0px; padding: 0px 0px 15px; font-family: Gilroy, sans-serif; text-decoration-line: none; color: #283242; outline-width: 0px; border-radius: 0px; box-sizing: border-box; font-size: 16px;">\r\n<div class="configuration-item-row-title" style="margin: 0px; padding: 0px; font-family: Gilroy, sans-serif; text-decoration-line: none; color: #283242; outline-width: 0px; border-radius: 0px; box-sizing: border-box; font-size: 16px;"><span style="margin: 0px; padding: 0px 0px 18px; font-family: Gilroy, sans-serif; font-weight: 500; text-decoration-line: none; color: #283242; outline-width: 0px; border-radius: 0px; box-sizing: border-box; font-size: 20px; line-height: 24px; display: block;">Холодильная камера</span></div>\r\n<div class="configuration-item-row-detail" style="margin: 0px; padding: 0px 0px 10px; font-family: Gilroy, sans-serif; text-decoration-line: none; color: #283242; outline-width: 0px; border-radius: 0px; box-sizing: border-box; font-size: 16px;">\r\n<div class="flex" style="margin: 0px; padding: 0px 0px 15px; font-family: Gilroy, sans-serif; text-decoration-line: none; color: #283242; outline-width: 0px; border-radius: 0px; box-sizing: border-box; font-size: 16px; display: flex; justify-content: space-between; align-items: flex-start; position: relative;"><span class="title" style="margin: 0px; padding: 0px; font-family: Gilroy, sans-serif; text-decoration-line: none; color: #8e939b; outline-width: 0px; border-radius: 0px; box-sizing: border-box; font-size: 16px; line-height: 22.4px; display: block; width: 322.5px;">Объем холодильной камеры</span><span class="info" style="margin: 0px; padding: 0px; font-family: Gilroy, sans-serif; text-decoration-line: none; color: #283242; outline-width: 0px; border-radius: 0px; box-sizing: border-box; font-size: 16px; line-height: 22.4px; display: block; width: 322.5px; text-align: left;">263 л</span></div>\r\n<div class="flex" style="margin: 0px; padding: 0px 0px 15px; font-family: Gilroy, sans-serif; text-decoration-line: none; color: #283242; outline-width: 0px; border-radius: 0px; box-sizing: border-box; font-size: 16px; display: flex; justify-content: space-between; align-items: flex-start; position: relative;"><span class="title" style="margin: 0px; padding: 0px; font-family: Gilroy, sans-serif; text-decoration-line: none; color: #8e939b; outline-width: 0px; border-radius: 0px; box-sizing: border-box; font-size: 16px; line-height: 22.4px; display: block; width: 322.5px;">Количество полок на двери</span><span class="info" style="margin: 0px; padding: 0px; font-family: Gilroy, sans-serif; text-decoration-line: none; color: #283242; outline-width: 0px; border-radius: 0px; box-sizing: border-box; font-size: 16px; line-height: 22.4px; display: block; width: 322.5px; text-align: left;">3</span></div>\r\n<div class="flex" style="margin: 0px; padding: 0px 0px 15px; font-family: Gilroy, sans-serif; text-decoration-line: none; color: #283242; outline-width: 0px; border-radius: 0px; box-sizing: border-box; font-size: 16px; display: flex; justify-content: space-between; align-items: flex-start; position: relative;"><span class="title" style="margin: 0px; padding: 0px; font-family: Gilroy, sans-serif; text-decoration-line: none; color: #8e939b; outline-width: 0px; border-radius: 0px; box-sizing: border-box; font-size: 16px; line-height: 22.4px; display: block; width: 322.5px;">Отделение для овощей и фруктов</span><span class="info" style="margin: 0px; padding: 0px; font-family: Gilroy, sans-serif; text-decoration-line: none; color: #283242; outline-width: 0px; border-radius: 0px; box-sizing: border-box; font-size: 16px; line-height: 22.4px; display: block; width: 322.5px; text-align: left;">Есть</span></div>\r\n<div class="flex" style="margin: 0px; padding: 0px 0px 15px; font-family: Gilroy, sans-serif; text-decoration-line: none; color: #283242; outline-width: 0px; border-radius: 0px; box-sizing: border-box; font-size: 16px; display: flex; justify-content: space-between; align-items: flex-start; position: relative;"><span class="title" style="margin: 0px; padding: 0px; font-family: Gilroy, sans-serif; text-decoration-line: none; color: #8e939b; outline-width: 0px; border-radius: 0px; box-sizing: border-box; font-size: 16px; line-height: 22.4px; display: block; width: 322.5px;">Материал полок</span><span class="info" style="margin: 0px; padding: 0px; font-family: Gilroy, sans-serif; text-decoration-line: none; color: #283242; outline-width: 0px; border-radius: 0px; box-sizing: border-box; font-size: 16px; line-height: 22.4px; display: block; width: 322.5px; text-align: left;">Закалённое стекло</span></div>\r\n<div class="flex" style="margin: 0px; padding: 0px 0px 15px; font-family: Gilroy, sans-serif; text-decoration-line: none; color: #283242; outline-width: 0px; border-radius: 0px; box-sizing: border-box; font-size: 16px; display: flex; justify-content: space-between; align-items: flex-start; position: relative;"><span class="title" style="margin: 0px; padding: 0px; font-family: Gilroy, sans-serif; text-decoration-line: none; color: #8e939b; outline-width: 0px; border-radius: 0px; box-sizing: border-box; font-size: 16px; line-height: 22.4px; display: block; width: 322.5px;">Количество полок</span><span class="info" style="margin: 0px; padding: 0px; font-family: Gilroy, sans-serif; text-decoration-line: none; color: #283242; outline-width: 0px; border-radius: 0px; box-sizing: border-box; font-size: 16px; line-height: 22.4px; display: block; width: 322.5px; text-align: left;">3</span></div>\r\n</div>\r\n</div>\r\n<div class="configuration-item" style="margin: 0px; padding: 0px 0px 15px; font-family: Gilroy, sans-serif; text-decoration-line: none; color: #283242; outline-width: 0px; border-radius: 0px; box-sizing: border-box; font-size: 16px;">\r\n<div class="configuration-item-row-title" style="margin: 0px; padding: 0px; font-family: Gilroy, sans-serif; text-decoration-line: none; color: #283242; outline-width: 0px; border-radius: 0px; box-sizing: border-box; font-size: 16px;"><span style="margin: 0px; padding: 0px 0px 18px; font-family: Gilroy, sans-serif; font-weight: 500; text-decoration-line: none; color: #283242; outline-width: 0px; border-radius: 0px; box-sizing: border-box; font-size: 20px; line-height: 24px; display: block;">Морозильная камера</span></div>\r\n<div class="configuration-item-row-detail" style="margin: 0px; padding: 0px 0px 10px; font-family: Gilroy, sans-serif; text-decoration-line: none; color: #283242; outline-width: 0px; border-radius: 0px; box-sizing: border-box; font-size: 16px;">\r\n<div class="flex" style="margin: 0px; padding: 0px 0px 15px; font-family: Gilroy, sans-serif; text-decoration-line: none; color: #283242; outline-width: 0px; border-radius: 0px; box-sizing: border-box; font-size: 16px; display: flex; justify-content: space-between; align-items: flex-start; position: relative;"><span class="title" style="margin: 0px; padding: 0px; font-family: Gilroy, sans-serif; text-decoration-line: none; color: #8e939b; outline-width: 0px; border-radius: 0px; box-sizing: border-box; font-size: 16px; line-height: 22.4px; display: block; width: 322.5px;">Мощность заморозки</span><span class="info" style="margin: 0px; padding: 0px; font-family: Gilroy, sans-serif; text-decoration-line: none; color: #283242; outline-width: 0px; border-radius: 0px; box-sizing: border-box; font-size: 16px; line-height: 22.4px; display: block; width: 322.5px; text-align: left;">14 кг/сутки</span></div>\r\n<div class="flex" style="margin: 0px; padding: 0px 0px 15px; font-family: Gilroy, sans-serif; text-decoration-line: none; color: #283242; outline-width: 0px; border-radius: 0px; box-sizing: border-box; font-size: 16px; display: flex; justify-content: space-between; align-items: flex-start; position: relative;"><span class="title" style="margin: 0px; padding: 0px; font-family: Gilroy, sans-serif; text-decoration-line: none; color: #8e939b; outline-width: 0px; border-radius: 0px; box-sizing: border-box; font-size: 16px; line-height: 22.4px; display: block; width: 322.5px;">Расположение морозильной камеры</span><span class="info" style="margin: 0px; padding: 0px; font-family: Gilroy, sans-serif; text-decoration-line: none; color: #283242; outline-width: 0px; border-radius: 0px; box-sizing: border-box; font-size: 16px; line-height: 22.4px; display: block; width: 322.5px; text-align: left;">Снизу</span></div>\r\n<div class="flex" style="margin: 0px; padding: 0px 0px 15px; font-family: Gilroy, sans-serif; text-decoration-line: none; color: #283242; outline-width: 0px; border-radius: 0px; box-sizing: border-box; font-size: 16px; display: flex; justify-content: space-between; align-items: flex-start; position: relative;"><span class="title" style="margin: 0px; padding: 0px; font-family: Gilroy, sans-serif; text-decoration-line: none; color: #8e939b; outline-width: 0px; border-radius: 0px; box-sizing: border-box; font-size: 16px; line-height: 22.4px; display: block; width: 322.5px;">Объем морозильной камеры</span><span class="info" style="margin: 0px; padding: 0px; font-family: Gilroy, sans-serif; text-decoration-line: none; color: #283242; outline-width: 0px; border-radius: 0px; box-sizing: border-box; font-size: 16px; line-height: 22.4px; display: block; width: 322.5px; text-align: left;">123 л</span></div>\r\n</div>\r\n</div>\r\n<div class="configuration-item" style="margin: 0px; padding: 0px 0px 15px; font-family: Gilroy, sans-serif; text-decoration-line: none; color: #283242; outline-width: 0px; border-radius: 0px; box-sizing: border-box; font-size: 16px;">\r\n<div class="configuration-item-row-title" style="margin: 0px; padding: 0px; font-family: Gilroy, sans-serif; text-decoration-line: none; color: #283242; outline-width: 0px; border-radius: 0px; box-sizing: border-box; font-size: 16px;"><span style="margin: 0px; padding: 0px 0px 18px; font-family: Gilroy, sans-serif; font-weight: 500; text-decoration-line: none; color: #283242; outline-width: 0px; border-radius: 0px; box-sizing: border-box; font-size: 20px; line-height: 24px; display: block;">Особенности</span></div>\r\n<div class="configuration-item-row-detail" style="margin: 0px; padding: 0px 0px 10px; font-family: Gilroy, sans-serif; text-decoration-line: none; color: #283242; outline-width: 0px; border-radius: 0px; box-sizing: border-box; font-size: 16px;">\r\n<div class="flex" style="margin: 0px; padding: 0px 0px 15px; font-family: Gilroy, sans-serif; text-decoration-line: none; color: #283242; outline-width: 0px; border-radius: 0px; box-sizing: border-box; font-size: 16px; display: flex; justify-content: space-between; align-items: flex-start; position: relative;"><span class="title" style="margin: 0px; padding: 0px; font-family: Gilroy, sans-serif; text-decoration-line: none; color: #8e939b; outline-width: 0px; border-radius: 0px; box-sizing: border-box; font-size: 16px; line-height: 22.4px; display: block; width: 322.5px;">Климатический класс</span><span class="info" style="margin: 0px; padding: 0px; font-family: Gilroy, sans-serif; text-decoration-line: none; color: #283242; outline-width: 0px; border-radius: 0px; box-sizing: border-box; font-size: 16px; line-height: 22.4px; display: block; width: 322.5px; text-align: left;">SN / N / ST / T</span></div>\r\n<div class="flex" style="margin: 0px; padding: 0px 0px 15px; font-family: Gilroy, sans-serif; text-decoration-line: none; color: #283242; outline-width: 0px; border-radius: 0px; box-sizing: border-box; font-size: 16px; display: flex; justify-content: space-between; align-items: flex-start; position: relative;"><span class="title" style="margin: 0px; padding: 0px; font-family: Gilroy, sans-serif; text-decoration-line: none; color: #8e939b; outline-width: 0px; border-radius: 0px; box-sizing: border-box; font-size: 16px; line-height: 22.4px; display: block; width: 322.5px;">Дисплей</span><span class="info" style="margin: 0px; padding: 0px; font-family: Gilroy, sans-serif; text-decoration-line: none; color: #283242; outline-width: 0px; border-radius: 0px; box-sizing: border-box; font-size: 16px; line-height: 22.4px; display: block; width: 322.5px; text-align: left;">LED</span></div>\r\n<div class="flex" style="margin: 0px; padding: 0px 0px 15px; font-family: Gilroy, sans-serif; text-decoration-line: none; color: #283242; outline-width: 0px; border-radius: 0px; box-sizing: border-box; font-size: 16px; display: flex; justify-content: space-between; align-items: flex-start; position: relative;"><span class="title" style="margin: 0px; padding: 0px; font-family: Gilroy, sans-serif; text-decoration-line: none; color: #8e939b; outline-width: 0px; border-radius: 0px; box-sizing: border-box; font-size: 16px; line-height: 22.4px; display: block; width: 322.5px;">Перенавешивание дверей</span><span class="info" style="margin: 0px; padding: 0px; font-family: Gilroy, sans-serif; text-decoration-line: none; color: #283242; outline-width: 0px; border-radius: 0px; box-sizing: border-box; font-size: 16px; line-height: 22.4px; display: block; width: 322.5px; text-align: left;">Есть</span></div>\r\n<div class="flex" style="margin: 0px; padding: 0px 0px 15px; font-family: Gilroy, sans-serif; text-decoration-line: none; color: #283242; outline-width: 0px; border-radius: 0px; box-sizing: border-box; font-size: 16px; display: flex; justify-content: space-between; align-items: flex-start; position: relative;"><span class="title" style="margin: 0px; padding: 0px; font-family: Gilroy, sans-serif; text-decoration-line: none; color: #8e939b; outline-width: 0px; border-radius: 0px; box-sizing: border-box; font-size: 16px; line-height: 22.4px; display: block; width: 322.5px;">Материал покрытия</span><span class="info" style="margin: 0px; padding: 0px; font-family: Gilroy, sans-serif; text-decoration-line: none; color: #283242; outline-width: 0px; border-radius: 0px; box-sizing: border-box; font-size: 16px; line-height: 22.4px; display: block; width: 322.5px; text-align: left;">Нержавеющая сталь</span></div>\r\n<div class="flex" style="margin: 0px; padding: 0px 0px 15px; font-family: Gilroy, sans-serif; text-decoration-line: none; color: #283242; outline-width: 0px; border-radius: 0px; box-sizing: border-box; font-size: 16px; display: flex; justify-content: space-between; align-items: flex-start; position: relative;"><span class="title" style="margin: 0px; padding: 0px; font-family: Gilroy, sans-serif; text-decoration-line: none; color: #8e939b; outline-width: 0px; border-radius: 0px; box-sizing: border-box; font-size: 16px; line-height: 22.4px; display: block; width: 322.5px;">Покрытие</span><span class="info" style="margin: 0px; padding: 0px; font-family: Gilroy, sans-serif; text-decoration-line: none; color: #283242; outline-width: 0px; border-radius: 0px; box-sizing: border-box; font-size: 16px; line-height: 22.4px; display: block; width: 322.5px; text-align: left;">Глянец</span></div>\r\n<div class="flex" style="margin: 0px; padding: 0px 0px 15px; font-family: Gilroy, sans-serif; text-decoration-line: none; color: #283242; outline-width: 0px; border-radius: 0px; box-sizing: border-box; font-size: 16px; display: flex; justify-content: space-between; align-items: flex-start; position: relative;"><span class="title" style="margin: 0px; padding: 0px; font-family: Gilroy, sans-serif; text-decoration-line: none; color: #8e939b; outline-width: 0px; border-radius: 0px; box-sizing: border-box; font-size: 16px; line-height: 22.4px; display: block; width: 322.5px;">Уровень шума</span><span class="info" style="margin: 0px; padding: 0px; font-family: Gilroy, sans-serif; text-decoration-line: none; color: #283242; outline-width: 0px; border-radius: 0px; box-sizing: border-box; font-size: 16px; line-height: 22.4px; display: block; width: 322.5px; text-align: left;">35 дБ</span></div>\r\n</div>\r\n</div>\r\n<div class="configuration-item" style="margin: 0px; padding: 0px 0px 15px; font-family: Gilroy, sans-serif; text-decoration-line: none; color: #283242; outline-width: 0px; border-radius: 0px; box-sizing: border-box; font-size: 16px;">\r\n<div class="configuration-item-row-title" style="margin: 0px; padding: 0px; font-family: Gilroy, sans-serif; text-decoration-line: none; color: #283242; outline-width: 0px; border-radius: 0px; box-sizing: border-box; font-size: 16px;"><span style="margin: 0px; padding: 0px 0px 18px; font-family: Gilroy, sans-serif; font-weight: 500; text-decoration-line: none; color: #283242; outline-width: 0px; border-radius: 0px; box-sizing: border-box; font-size: 20px; line-height: 24px; display: block;">Габариты и вес</span></div>\r\n<div class="configuration-item-row-detail" style="margin: 0px; padding: 0px 0px 10px; font-family: Gilroy, sans-serif; text-decoration-line: none; color: #283242; outline-width: 0px; border-radius: 0px; box-sizing: border-box; font-size: 16px;">\r\n<div class="flex" style="margin: 0px; padding: 0px 0px 15px; font-family: Gilroy, sans-serif; text-decoration-line: none; color: #283242; outline-width: 0px; border-radius: 0px; box-sizing: border-box; font-size: 16px; display: flex; justify-content: space-between; align-items: flex-start; position: relative;"><span class="title" style="margin: 0px; padding: 0px; font-family: Gilroy, sans-serif; text-decoration-line: none; color: #8e939b; outline-width: 0px; border-radius: 0px; box-sizing: border-box; font-size: 16px; line-height: 22.4px; display: block; width: 322.5px;">Вес</span><span class="info" style="margin: 0px; padding: 0px; font-family: Gilroy, sans-serif; text-decoration-line: none; color: #283242; outline-width: 0px; border-radius: 0px; box-sizing: border-box; font-size: 16px; line-height: 22.4px; display: block; width: 322.5px; text-align: left;">67 кг</span></div>\r\n<div class="flex" style="margin: 0px; padding: 0px 0px 15px; font-family: Gilroy, sans-serif; text-decoration-line: none; color: #283242; outline-width: 0px; border-radius: 0px; box-sizing: border-box; font-size: 16px; display: flex; justify-content: space-between; align-items: flex-start; position: relative;"><span class="title" style="margin: 0px; padding: 0px; font-family: Gilroy, sans-serif; text-decoration-line: none; color: #8e939b; outline-width: 0px; border-radius: 0px; box-sizing: border-box; font-size: 16px; line-height: 22.4px; display: block; width: 322.5px;">Ширина</span><span class="info" style="margin: 0px; padding: 0px; font-family: Gilroy, sans-serif; text-decoration-line: none; color: #283242; outline-width: 0px; border-radius: 0px; box-sizing: border-box; font-size: 16px; line-height: 22.4px; display: block; width: 322.5px; text-align: left;">59.5 см</span></div>\r\n<div class="flex" style="margin: 0px; padding: 0px 0px 15px; font-family: Gilroy, sans-serif; text-decoration-line: none; color: #283242; outline-width: 0px; border-radius: 0px; box-sizing: border-box; font-size: 16px; display: flex; justify-content: space-between; align-items: flex-start; position: relative;"><span class="title" style="margin: 0px; padding: 0px; font-family: Gilroy, sans-serif; text-decoration-line: none; color: #8e939b; outline-width: 0px; border-radius: 0px; box-sizing: border-box; font-size: 16px; line-height: 22.4px; display: block; width: 322.5px;">Высота</span><span class="info" style="margin: 0px; padding: 0px; font-family: Gilroy, sans-serif; text-decoration-line: none; color: #283242; outline-width: 0px; border-radius: 0px; box-sizing: border-box; font-size: 16px; line-height: 22.4px; display: block; width: 322.5px; text-align: left;">201 см</span></div>\r\n<div class="flex" style="margin: 0px; padding: 0px 0px 15px; font-family: Gilroy, sans-serif; text-decoration-line: none; color: #283242; outline-width: 0px; border-radius: 0px; box-sizing: border-box; font-size: 16px; display: flex; justify-content: space-between; align-items: flex-start; position: relative;"><span class="title" style="margin: 0px; padding: 0px; font-family: Gilroy, sans-serif; text-decoration-line: none; color: #8e939b; outline-width: 0px; border-radius: 0px; box-sizing: border-box; font-size: 16px; line-height: 22.4px; display: block; width: 322.5px;">Глубина</span><span class="info" style="margin: 0px; padding: 0px; font-family: Gilroy, sans-serif; text-decoration-line: none; color: #283242; outline-width: 0px; border-radius: 0px; box-sizing: border-box; font-size: 16px; line-height: 22.4px; display: block; width: 322.5px; text-align: left;">66 см</span></div>\r\n</div>\r\n</div>\r\n<div class="configuration-item" style="margin: 0px; padding: 0px 0px 15px; font-family: Gilroy, sans-serif; text-decoration-line: none; color: #283242; outline-width: 0px; border-radius: 0px; box-sizing: border-box; font-size: 16px;">\r\n<div class="configuration-item-row-title" style="margin: 0px; padding: 0px; font-family: Gilroy, sans-serif; text-decoration-line: none; color: #283242; outline-width: 0px; border-radius: 0px; box-sizing: border-box; font-size: 16px;"><span style="margin: 0px; padding: 0px 0px 18px; font-family: Gilroy, sans-serif; font-weight: 500; text-decoration-line: none; color: #283242; outline-width: 0px; border-radius: 0px; box-sizing: border-box; font-size: 20px; line-height: 24px; display: block;">Служебная информация</span></div>\r\n<div class="configuration-item-row-detail" style="margin: 0px; padding: 0px 0px 10px; font-family: Gilroy, sans-serif; text-decoration-line: none; color: #283242; outline-width: 0px; border-radius: 0px; box-sizing: border-box; font-size: 16px;">\r\n<div class="flex" style="margin: 0px; padding: 0px 0px 15px; font-family: Gilroy, sans-serif; text-decoration-line: none; color: #283242; outline-width: 0px; border-radius: 0px; box-sizing: border-box; font-size: 16px; display: flex; justify-content: space-between; align-items: flex-start; position: relative;"><span class="title" style="margin: 0px; padding: 0px; font-family: Gilroy, sans-serif; text-decoration-line: none; color: #8e939b; outline-width: 0px; border-radius: 0px; box-sizing: border-box; font-size: 16px; line-height: 22.4px; display: block; width: 322.5px;">Производитель</span><span class="info" style="margin: 0px; padding: 0px; font-family: Gilroy, sans-serif; text-decoration-line: none; color: #283242; outline-width: 0px; border-radius: 0px; box-sizing: border-box; font-size: 16px; line-height: 22.4px; display: block; width: 322.5px; text-align: left;">Midea</span></div>\r\n<div class="flex" style="margin: 0px; padding: 0px 0px 15px; font-family: Gilroy, sans-serif; text-decoration-line: none; color: #283242; outline-width: 0px; border-radius: 0px; box-sizing: border-box; font-size: 16px; display: flex; justify-content: space-between; align-items: flex-start; position: relative;"><span class="title" style="margin: 0px; padding: 0px; font-family: Gilroy, sans-serif; text-decoration-line: none; color: #8e939b; outline-width: 0px; border-radius: 0px; box-sizing: border-box; font-size: 16px; line-height: 22.4px; display: block; width: 322.5px;">Гарантия</span><span class="info" style="margin: 0px; padding: 0px; font-family: Gilroy, sans-serif; text-decoration-line: none; color: #283242; outline-width: 0px; border-radius: 0px; box-sizing: border-box; font-size: 16px; line-height: 22.4px; display: block; width: 322.5px; text-align: left;">2 года</span></div>\r\n<div class="flex" style="margin: 0px; padding: 0px 0px 15px; font-family: Gilroy, sans-serif; text-decoration-line: none; color: #283242; outline-width: 0px; border-radius: 0px; box-sizing: border-box; font-size: 16px; display: flex; justify-content: space-between; align-items: flex-start; position: relative;"><span class="title" style="margin: 0px; padding: 0px; font-family: Gilroy, sans-serif; text-decoration-line: none; color: #8e939b; outline-width: 0px; border-radius: 0px; box-sizing: border-box; font-size: 16px; line-height: 22.4px; display: block; width: 322.5px;">Цвет</span><span class="info" style="margin: 0px; padding: 0px; font-family: Gilroy, sans-serif; text-decoration-line: none; color: #283242; outline-width: 0px; border-radius: 0px; box-sizing: border-box; font-size: 16px; line-height: 22.4px; display: block; width: 322.5px; text-align: left;">Серебристый</span></div>\r\n<div class="flex" style="margin: 0px; padding: 0px 0px 15px; font-family: Gilroy, sans-serif; text-decoration-line: none; color: #283242; outline-width: 0px; border-radius: 0px; box-sizing: border-box; font-size: 16px; display: flex; justify-content: space-between; align-items: flex-start; position: relative;"><span class="title" style="margin: 0px; padding: 0px; font-family: Gilroy, sans-serif; text-decoration-line: none; color: #8e939b; outline-width: 0px; border-radius: 0px; box-sizing: border-box; font-size: 16px; line-height: 22.4px; display: block; width: 322.5px;">Страна происхождения</span><span class="info" style="margin: 0px; padding: 0px; font-family: Gilroy, sans-serif; text-decoration-line: none; color: #283242; outline-width: 0px; border-radius: 0px; box-sizing: border-box; font-size: 16px; line-height: 22.4px; display: block; width: 322.5px; text-align: left;">Беларусь</span></div>\r\n</div>\r\n</div>\r\n</div>\r\n</div>\r\n<div class="availability-in-shops mob" style="margin: 0px; padding: 35px 30px; font-family: Gilroy, sans-serif; text-decoration-line: none; color: #283242; outline-width: 0px; border-radius: 20px; box-sizing: border-box; font-size: 16px; width: 385px; background-color: #f7f7f7; text-align: left; top: 0px; display: block; white-space: normal;">\r\n<div class="availability-in-shops__wrapper" style="margin: 0px; padding: 0px; font-family: Gilroy, sans-serif; text-decoration-line: none; color: #283242; outline-width: 0px; border-radius: 0px; box-sizing: border-box; font-size: 16px;">&nbsp;</div>\r\n</div>
8	Кондиционер Samsung AR12TSGYAWKU	kondicioner-samsung-ar12tsgyawku	0	8398100	Белый	#ffffff	2026-04-20 12:59:33.826852+00	2026-05-13 12:25:55.582519+00	10	2	19	Кондиционер Samsung AR12TSGYAWKU Настенный кондиционер Samsung-AR12TSGYAWKU оснащён современными функциями, такими как авто выбор режима работы, таймер, а также ночной режим. Данная модель выполняет функции охлаждения, обогрева, осушения и вентиляции для образования оптимального микроклимата в помещении до 28 квадратных метров	t	<div class="configuration-item" style="margin: 0px; padding: 0px 0px 15px; font-family: Gilroy, sans-serif; text-decoration-line: none; color: #283242; outline-width: 0px; border-radius: 0px; box-sizing: border-box; font-size: 16px; text-align: left; white-space: normal;">\r\n<div class="configuration-item-row-title" style="margin: 0px; padding: 0px; font-family: Gilroy, sans-serif; text-decoration-line: none; color: #283242; outline-width: 0px; border-radius: 0px; box-sizing: border-box; font-size: 16px;">\r\n<div class="configuration-item" style="margin: 0px; padding: 0px 0px 15px; font-family: Gilroy, sans-serif; text-decoration-line: none; color: #283242; outline-width: 0px; border-radius: 0px; box-sizing: border-box; font-size: 16px; text-align: left; white-space: normal;">\r\n<div class="configuration-item-row-title" style="margin: 0px; padding: 0px; font-family: Gilroy, sans-serif; text-decoration-line: none; color: #283242; outline-width: 0px; border-radius: 0px; box-sizing: border-box; font-size: 16px;">\r\n<div class="configuration-item" style="margin: 0px; padding: 0px 0px 15px; font-family: Gilroy, sans-serif; text-decoration-line: none; color: #283242; outline-width: 0px; border-radius: 0px; box-sizing: border-box; font-size: 16px; text-align: left; white-space: normal;">\r\n<div class="configuration-item-row-detail" style="margin: 0px; padding: 0px 0px 10px; font-family: Gilroy, sans-serif; text-decoration-line: none; color: #283242; outline-width: 0px; border-radius: 0px; box-sizing: border-box; font-size: 16px;">\r\n<div class="flex" style="margin: 0px; padding: 0px 0px 15px; font-family: Gilroy, sans-serif; text-decoration-line: none; color: #283242; outline-width: 0px; border-radius: 0px; box-sizing: border-box; font-size: 16px; display: flex; justify-content: space-between; align-items: flex-start; position: relative;"><span class="info" style="margin: 0px; padding: 0px; font-family: Gilroy, sans-serif; text-decoration-line: none; color: #283242; outline-width: 0px; border-radius: 0px; box-sizing: border-box; font-size: 16px; line-height: 22.4px; display: block; width: 322.5px; text-align: left;">Сплит-система</span></div>\r\n<div class="flex" style="margin: 0px; padding: 0px 0px 15px; font-family: Gilroy, sans-serif; text-decoration-line: none; color: #283242; outline-width: 0px; border-radius: 0px; box-sizing: border-box; font-size: 16px; display: flex; justify-content: space-between; align-items: flex-start; position: relative;"><span class="title" style="margin: 0px; padding: 0px; font-family: Gilroy, sans-serif; text-decoration-line: none; color: #8e939b; outline-width: 0px; border-radius: 0px; box-sizing: border-box; font-size: 16px; line-height: 22.4px; display: block; width: 322.5px;">Тип монтажа</span><span class="info" style="margin: 0px; padding: 0px; font-family: Gilroy, sans-serif; text-decoration-line: none; color: #283242; outline-width: 0px; border-radius: 0px; box-sizing: border-box; font-size: 16px; line-height: 22.4px; display: block; width: 322.5px; text-align: left;">Настенный</span></div>\r\n<div class="flex" style="margin: 0px; padding: 0px 0px 15px; font-family: Gilroy, sans-serif; text-decoration-line: none; color: #283242; outline-width: 0px; border-radius: 0px; box-sizing: border-box; font-size: 16px; display: flex; justify-content: space-between; align-items: flex-start; position: relative;"><span class="title" style="margin: 0px; padding: 0px; font-family: Gilroy, sans-serif; text-decoration-line: none; color: #8e939b; outline-width: 0px; border-radius: 0px; box-sizing: border-box; font-size: 16px; line-height: 22.4px; display: block; width: 322.5px;">Тип хладагента</span><span class="info" style="margin: 0px; padding: 0px; font-family: Gilroy, sans-serif; text-decoration-line: none; color: #283242; outline-width: 0px; border-radius: 0px; box-sizing: border-box; font-size: 16px; line-height: 22.4px; display: block; width: 322.5px; text-align: left;">R410A</span></div>\r\n</div>\r\n</div>\r\n<div class="configuration-item" style="margin: 0px; padding: 0px 0px 15px; font-family: Gilroy, sans-serif; text-decoration-line: none; color: #283242; outline-width: 0px; border-radius: 0px; box-sizing: border-box; font-size: 16px; text-align: left; white-space: normal;">\r\n<div class="configuration-item-row-title" style="margin: 0px; padding: 0px; font-family: Gilroy, sans-serif; text-decoration-line: none; color: #283242; outline-width: 0px; border-radius: 0px; box-sizing: border-box; font-size: 16px;"><span style="margin: 0px; padding: 0px 0px 18px; font-family: Gilroy, sans-serif; font-weight: 500; text-decoration-line: none; color: #283242; outline-width: 0px; border-radius: 0px; box-sizing: border-box; font-size: 20px; line-height: 24px; display: block;">Уровень шума</span></div>\r\n<div class="configuration-item-row-detail" style="margin: 0px; padding: 0px 0px 10px; font-family: Gilroy, sans-serif; text-decoration-line: none; color: #283242; outline-width: 0px; border-radius: 0px; box-sizing: border-box; font-size: 16px;">\r\n<div class="flex" style="margin: 0px; padding: 0px 0px 15px; font-family: Gilroy, sans-serif; text-decoration-line: none; color: #283242; outline-width: 0px; border-radius: 0px; box-sizing: border-box; font-size: 16px; display: flex; justify-content: space-between; align-items: flex-start; position: relative;"><span class="title" style="margin: 0px; padding: 0px; font-family: Gilroy, sans-serif; text-decoration-line: none; color: #8e939b; outline-width: 0px; border-radius: 0px; box-sizing: border-box; font-size: 16px; line-height: 22.4px; display: block; width: 322.5px;">Уровень шума внутреннего блока</span><span class="info" style="margin: 0px; padding: 0px; font-family: Gilroy, sans-serif; text-decoration-line: none; color: #283242; outline-width: 0px; border-radius: 0px; box-sizing: border-box; font-size: 16px; line-height: 22.4px; display: block; width: 322.5px; text-align: left;">58 дБ</span></div>\r\n<div class="flex" style="margin: 0px; padding: 0px 0px 15px; font-family: Gilroy, sans-serif; text-decoration-line: none; color: #283242; outline-width: 0px; border-radius: 0px; box-sizing: border-box; font-size: 16px; display: flex; justify-content: space-between; align-items: flex-start; position: relative;"><span class="title" style="margin: 0px; padding: 0px; font-family: Gilroy, sans-serif; text-decoration-line: none; color: #8e939b; outline-width: 0px; border-radius: 0px; box-sizing: border-box; font-size: 16px; line-height: 22.4px; display: block; width: 322.5px;">Уровень шума наружного блока</span><span class="info" style="margin: 0px; padding: 0px; font-family: Gilroy, sans-serif; text-decoration-line: none; color: #283242; outline-width: 0px; border-radius: 0px; box-sizing: border-box; font-size: 16px; line-height: 22.4px; display: block; width: 322.5px; text-align: left;">66 дБ</span></div>\r\n</div>\r\n</div>\r\n<div class="configuration-item" style="margin: 0px; padding: 0px 0px 15px; font-family: Gilroy, sans-serif; text-decoration-line: none; color: #283242; outline-width: 0px; border-radius: 0px; box-sizing: border-box; font-size: 16px; text-align: left; white-space: normal;">\r\n<div class="configuration-item-row-title" style="margin: 0px; padding: 0px; font-family: Gilroy, sans-serif; text-decoration-line: none; color: #283242; outline-width: 0px; border-radius: 0px; box-sizing: border-box; font-size: 16px;"><span style="margin: 0px; padding: 0px 0px 18px; font-family: Gilroy, sans-serif; font-weight: 500; text-decoration-line: none; color: #283242; outline-width: 0px; border-radius: 0px; box-sizing: border-box; font-size: 20px; line-height: 24px; display: block;">Производительность</span></div>\r\n<div class="configuration-item-row-detail" style="margin: 0px; padding: 0px 0px 10px; font-family: Gilroy, sans-serif; text-decoration-line: none; color: #283242; outline-width: 0px; border-radius: 0px; box-sizing: border-box; font-size: 16px;">\r\n<div class="flex" style="margin: 0px; padding: 0px 0px 15px; font-family: Gilroy, sans-serif; text-decoration-line: none; color: #283242; outline-width: 0px; border-radius: 0px; box-sizing: border-box; font-size: 16px; display: flex; justify-content: space-between; align-items: flex-start; position: relative;"><span class="title" style="margin: 0px; padding: 0px; font-family: Gilroy, sans-serif; text-decoration-line: none; color: #8e939b; outline-width: 0px; border-radius: 0px; box-sizing: border-box; font-size: 16px; line-height: 22.4px; display: block; width: 322.5px;">Потребляемая мощность при охлаждении</span><span class="info" style="margin: 0px; padding: 0px; font-family: Gilroy, sans-serif; text-decoration-line: none; color: #283242; outline-width: 0px; border-radius: 0px; box-sizing: border-box; font-size: 16px; line-height: 22.4px; display: block; width: 322.5px; text-align: left;">1025,0</span></div>\r\n<div class="flex" style="margin: 0px; padding: 0px 0px 15px; font-family: Gilroy, sans-serif; text-decoration-line: none; color: #283242; outline-width: 0px; border-radius: 0px; box-sizing: border-box; font-size: 16px; display: flex; justify-content: space-between; align-items: flex-start; position: relative;"><span class="title" style="margin: 0px; padding: 0px; font-family: Gilroy, sans-serif; text-decoration-line: none; color: #8e939b; outline-width: 0px; border-radius: 0px; box-sizing: border-box; font-size: 16px; line-height: 22.4px; display: block; width: 322.5px;">Потребляемая мощность при обогреве</span><span class="info" style="margin: 0px; padding: 0px; font-family: Gilroy, sans-serif; text-decoration-line: none; color: #283242; outline-width: 0px; border-radius: 0px; box-sizing: border-box; font-size: 16px; line-height: 22.4px; display: block; width: 322.5px; text-align: left;">1115,0</span></div>\r\n</div>\r\n</div>\r\n<div class="configuration-item" style="margin: 0px; padding: 0px 0px 15px; font-family: Gilroy, sans-serif; text-decoration-line: none; color: #283242; outline-width: 0px; border-radius: 0px; box-sizing: border-box; font-size: 16px; text-align: left; white-space: normal;">\r\n<div class="configuration-item-row-title" style="margin: 0px; padding: 0px; font-family: Gilroy, sans-serif; text-decoration-line: none; color: #283242; outline-width: 0px; border-radius: 0px; box-sizing: border-box; font-size: 16px;"><span style="margin: 0px; padding: 0px 0px 18px; font-family: Gilroy, sans-serif; font-weight: 500; text-decoration-line: none; color: #283242; outline-width: 0px; border-radius: 0px; box-sizing: border-box; font-size: 20px; line-height: 24px; display: block;">Служебная информация</span></div>\r\n<div class="configuration-item-row-detail" style="margin: 0px; padding: 0px 0px 10px; font-family: Gilroy, sans-serif; text-decoration-line: none; color: #283242; outline-width: 0px; border-radius: 0px; box-sizing: border-box; font-size: 16px;">\r\n<div class="flex" style="margin: 0px; padding: 0px 0px 15px; font-family: Gilroy, sans-serif; text-decoration-line: none; color: #283242; outline-width: 0px; border-radius: 0px; box-sizing: border-box; font-size: 16px; display: flex; justify-content: space-between; align-items: flex-start; position: relative;"><span class="title" style="margin: 0px; padding: 0px; font-family: Gilroy, sans-serif; text-decoration-line: none; color: #8e939b; outline-width: 0px; border-radius: 0px; box-sizing: border-box; font-size: 16px; line-height: 22.4px; display: block; width: 322.5px;">Производитель</span><span class="info" style="margin: 0px; padding: 0px; font-family: Gilroy, sans-serif; text-decoration-line: none; color: #283242; outline-width: 0px; border-radius: 0px; box-sizing: border-box; font-size: 16px; line-height: 22.4px; display: block; width: 322.5px; text-align: left;">Samsung</span></div>\r\n<div class="flex" style="margin: 0px; padding: 0px 0px 15px; font-family: Gilroy, sans-serif; text-decoration-line: none; color: #283242; outline-width: 0px; border-radius: 0px; box-sizing: border-box; font-size: 16px; display: flex; justify-content: space-between; align-items: flex-start; position: relative;"><span class="title" style="margin: 0px; padding: 0px; font-family: Gilroy, sans-serif; text-decoration-line: none; color: #8e939b; outline-width: 0px; border-radius: 0px; box-sizing: border-box; font-size: 16px; line-height: 22.4px; display: block; width: 322.5px;">Гарантия</span><span class="info" style="margin: 0px; padding: 0px; font-family: Gilroy, sans-serif; text-decoration-line: none; color: #283242; outline-width: 0px; border-radius: 0px; box-sizing: border-box; font-size: 16px; line-height: 22.4px; display: block; width: 322.5px; text-align: left;">3 года</span></div>\r\n<div class="flex" style="margin: 0px; padding: 0px 0px 15px; font-family: Gilroy, sans-serif; text-decoration-line: none; color: #283242; outline-width: 0px; border-radius: 0px; box-sizing: border-box; font-size: 16px; display: flex; justify-content: space-between; align-items: flex-start; position: relative;"><span class="title" style="margin: 0px; padding: 0px; font-family: Gilroy, sans-serif; text-decoration-line: none; color: #8e939b; outline-width: 0px; border-radius: 0px; box-sizing: border-box; font-size: 16px; line-height: 22.4px; display: block; width: 322.5px;">Страна происхождения</span><span class="info" style="margin: 0px; padding: 0px; font-family: Gilroy, sans-serif; text-decoration-line: none; color: #283242; outline-width: 0px; border-radius: 0px; box-sizing: border-box; font-size: 16px; line-height: 22.4px; display: block; width: 322.5px; text-align: left;">Узбекистан</span></div>\r\n</div>\r\n</div>\r\n</div>\r\n</div>\r\n</div>\r\n</div>
1	Смартфон Apple iPhone 17 Pro 256GB Silver	smartfon-apple-iphone-17-pro-256gb-silver	60	24577100	Белый	#ffffff	2026-01-20 17:15:55.271071+00	2026-05-14 12:56:11.064306+00	0	1	1	iPhone 17 Pro — устройство для тех, кому важны высшая производительность и комплексные возможности съёмки. Его 6.3-дюймовый OLED-экран Super Retina XDR с технологией ProMotion до 120 Гц и пиком яркости 3000 нит делает работу с контентом плавной и яркой, а антибликовое покрытие снижает отражения в солнечную погоду.  Сердце устройства — чип A19 Pro, а для охлаждения используется внутренняя паровая камера, которая обеспечивает комфортную температуру при высоких нагрузках и стабильную производительность.  Трёхмодульная система камер включает три 48 МП сенсора Fusion: основной, сверхширокий и телевик — с расширенными функциями зума, поддержкой ProRes RAW и улучшенным ночным режимом. Сочетание алгоритмов Smart HDR 5, Deep Fusion и Photonic Engine позволяет получать снимки профессионального уровня при любых условиях освещения.	t	<div class="configuration-item" style="margin: 0px; padding: 0px 0px 15px; font-family: Gilroy, sans-serif; text-decoration-line: none; color: #283242; outline-width: 0px; border-radius: 0px; box-sizing: border-box; font-size: 16px; text-align: left; white-space: normal;">\r\n<div class="configuration-item-row-title" style="margin: 0px; padding: 0px; font-family: Gilroy, sans-serif; text-decoration-line: none; color: #283242; outline-width: 0px; border-radius: 0px; box-sizing: border-box; font-size: 16px;"><span style="margin: 0px; padding: 0px 0px 18px; font-family: Gilroy, sans-serif; font-weight: 500; text-decoration-line: none; color: #283242; outline-width: 0px; border-radius: 0px; box-sizing: border-box; font-size: 20px; line-height: 24px; display: block;">Общие</span></div>\r\n<div class="configuration-item-row-detail" style="margin: 0px; padding: 0px 0px 10px; font-family: Gilroy, sans-serif; text-decoration-line: none; color: #283242; outline-width: 0px; border-radius: 0px; box-sizing: border-box; font-size: 16px;">\r\n<div class="flex" style="margin: 0px; padding: 0px 0px 15px; font-family: Gilroy, sans-serif; text-decoration-line: none; color: #283242; outline-width: 0px; border-radius: 0px; box-sizing: border-box; font-size: 16px; display: flex; justify-content: space-between; align-items: flex-start; position: relative;"><span class="title" style="margin: 0px; padding: 0px; font-family: Gilroy, sans-serif; text-decoration-line: none; color: #8e939b; outline-width: 0px; border-radius: 0px; box-sizing: border-box; font-size: 16px; line-height: 22.4px; display: block; width: 322.5px;">Материал корпуса</span><span class="info" style="margin: 0px; padding: 0px; font-family: Gilroy, sans-serif; text-decoration-line: none; color: #283242; outline-width: 0px; border-radius: 0px; box-sizing: border-box; font-size: 16px; line-height: 22.4px; display: block; width: 322.5px; text-align: left;">Алюминий / Стекло</span></div>\r\n<div class="flex" style="margin: 0px; padding: 0px 0px 15px; font-family: Gilroy, sans-serif; text-decoration-line: none; color: #283242; outline-width: 0px; border-radius: 0px; box-sizing: border-box; font-size: 16px; display: flex; justify-content: space-between; align-items: flex-start; position: relative;"><span class="title" style="margin: 0px; padding: 0px; font-family: Gilroy, sans-serif; text-decoration-line: none; color: #8e939b; outline-width: 0px; border-radius: 0px; box-sizing: border-box; font-size: 16px; line-height: 22.4px; display: block; width: 322.5px;">Тип телефона</span><span class="info" style="margin: 0px; padding: 0px; font-family: Gilroy, sans-serif; text-decoration-line: none; color: #283242; outline-width: 0px; border-radius: 0px; box-sizing: border-box; font-size: 16px; line-height: 22.4px; display: block; width: 322.5px; text-align: left;">Смартфон</span></div>\r\n<div class="flex" style="margin: 0px; padding: 0px 0px 15px; font-family: Gilroy, sans-serif; text-decoration-line: none; color: #283242; outline-width: 0px; border-radius: 0px; box-sizing: border-box; font-size: 16px; display: flex; justify-content: space-between; align-items: flex-start; position: relative;"><span class="title" style="margin: 0px; padding: 0px; font-family: Gilroy, sans-serif; text-decoration-line: none; color: #8e939b; outline-width: 0px; border-radius: 0px; box-sizing: border-box; font-size: 16px; line-height: 22.4px; display: block; width: 322.5px;">Тип SIM-карты</span><span class="info" style="margin: 0px; padding: 0px; font-family: Gilroy, sans-serif; text-decoration-line: none; color: #283242; outline-width: 0px; border-radius: 0px; box-sizing: border-box; font-size: 16px; line-height: 22.4px; display: block; width: 322.5px; text-align: left;">nano-SIM / eSim</span></div>\r\n<div class="flex" style="margin: 0px; padding: 0px 0px 15px; font-family: Gilroy, sans-serif; text-decoration-line: none; color: #283242; outline-width: 0px; border-radius: 0px; box-sizing: border-box; font-size: 16px; display: flex; justify-content: space-between; align-items: flex-start; position: relative;"><span class="title" style="margin: 0px; padding: 0px; font-family: Gilroy, sans-serif; text-decoration-line: none; color: #8e939b; outline-width: 0px; border-radius: 0px; box-sizing: border-box; font-size: 16px; line-height: 22.4px; display: block; width: 322.5px;">Защита корпуса</span><span class="info" style="margin: 0px; padding: 0px; font-family: Gilroy, sans-serif; text-decoration-line: none; color: #283242; outline-width: 0px; border-radius: 0px; box-sizing: border-box; font-size: 16px; line-height: 22.4px; display: block; width: 322.5px; text-align: left;">От пыли / От влаги</span></div>\r\n<div class="flex" style="margin: 0px; padding: 0px 0px 15px; font-family: Gilroy, sans-serif; text-decoration-line: none; color: #283242; outline-width: 0px; border-radius: 0px; box-sizing: border-box; font-size: 16px; display: flex; justify-content: space-between; align-items: flex-start; position: relative;"><span class="title" style="margin: 0px; padding: 0px; font-family: Gilroy, sans-serif; text-decoration-line: none; color: #8e939b; outline-width: 0px; border-radius: 0px; box-sizing: border-box; font-size: 16px; line-height: 22.4px; display: block; width: 322.5px;">В комплектации</span><span class="info" style="margin: 0px; padding: 0px; font-family: Gilroy, sans-serif; text-decoration-line: none; color: #283242; outline-width: 0px; border-radius: 0px; box-sizing: border-box; font-size: 16px; line-height: 22.4px; display: block; width: 322.5px; text-align: left;">Зарядный кабель USB-C (1 м) / Документация</span></div>\r\n<div class="flex" style="margin: 0px; padding: 0px 0px 15px; font-family: Gilroy, sans-serif; text-decoration-line: none; color: #283242; outline-width: 0px; border-radius: 0px; box-sizing: border-box; font-size: 16px; display: flex; justify-content: space-between; align-items: flex-start; position: relative;"><span class="title" style="margin: 0px; padding: 0px; font-family: Gilroy, sans-serif; text-decoration-line: none; color: #8e939b; outline-width: 0px; border-radius: 0px; box-sizing: border-box; font-size: 16px; line-height: 22.4px; display: block; width: 322.5px;">Степень защиты</span><span class="info" style="margin: 0px; padding: 0px; font-family: Gilroy, sans-serif; text-decoration-line: none; color: #283242; outline-width: 0px; border-radius: 0px; box-sizing: border-box; font-size: 16px; line-height: 22.4px; display: block; width: 322.5px; text-align: left;">IP68</span></div>\r\n</div>\r\n</div>\r\n<div class="configuration-item" style="margin: 0px; padding: 0px 0px 15px; font-family: Gilroy, sans-serif; text-decoration-line: none; color: #283242; outline-width: 0px; border-radius: 0px; box-sizing: border-box; font-size: 16px; text-align: left; white-space: normal;">\r\n<div class="configuration-item-row-title" style="margin: 0px; padding: 0px; font-family: Gilroy, sans-serif; text-decoration-line: none; color: #283242; outline-width: 0px; border-radius: 0px; box-sizing: border-box; font-size: 16px;"><span style="margin: 0px; padding: 0px 0px 18px; font-family: Gilroy, sans-serif; font-weight: 500; text-decoration-line: none; color: #283242; outline-width: 0px; border-radius: 0px; box-sizing: border-box; font-size: 20px; line-height: 24px; display: block;">Процессор</span></div>\r\n<div class="configuration-item-row-detail" style="margin: 0px; padding: 0px 0px 10px; font-family: Gilroy, sans-serif; text-decoration-line: none; color: #283242; outline-width: 0px; border-radius: 0px; box-sizing: border-box; font-size: 16px;">\r\n<div class="flex" style="margin: 0px; padding: 0px 0px 15px; font-family: Gilroy, sans-serif; text-decoration-line: none; color: #283242; outline-width: 0px; border-radius: 0px; box-sizing: border-box; font-size: 16px; display: flex; justify-content: space-between; align-items: flex-start; position: relative;"><span class="title" style="margin: 0px; padding: 0px; font-family: Gilroy, sans-serif; text-decoration-line: none; color: #8e939b; outline-width: 0px; border-radius: 0px; box-sizing: border-box; font-size: 16px; line-height: 22.4px; display: block; width: 322.5px;">Тип процессора</span><span class="info" style="margin: 0px; padding: 0px; font-family: Gilroy, sans-serif; text-decoration-line: none; color: #283242; outline-width: 0px; border-radius: 0px; box-sizing: border-box; font-size: 16px; line-height: 22.4px; display: block; width: 322.5px; text-align: left;">Apple A19 Pro</span></div>\r\n<div class="flex" style="margin: 0px; padding: 0px 0px 15px; font-family: Gilroy, sans-serif; text-decoration-line: none; color: #283242; outline-width: 0px; border-radius: 0px; box-sizing: border-box; font-size: 16px; display: flex; justify-content: space-between; align-items: flex-start; position: relative;"><span class="title" style="margin: 0px; padding: 0px; font-family: Gilroy, sans-serif; text-decoration-line: none; color: #8e939b; outline-width: 0px; border-radius: 0px; box-sizing: border-box; font-size: 16px; line-height: 22.4px; display: block; width: 322.5px;">Количество ядер процессора</span><span class="info" style="margin: 0px; padding: 0px; font-family: Gilroy, sans-serif; text-decoration-line: none; color: #283242; outline-width: 0px; border-radius: 0px; box-sizing: border-box; font-size: 16px; line-height: 22.4px; display: block; width: 322.5px; text-align: left;">6</span></div>\r\n</div>\r\n</div>\r\n<div class="configuration-item" style="margin: 0px; padding: 0px 0px 15px; font-family: Gilroy, sans-serif; text-decoration-line: none; color: #283242; outline-width: 0px; border-radius: 0px; box-sizing: border-box; font-size: 16px; text-align: left; white-space: normal;">\r\n<div class="configuration-item-row-title" style="margin: 0px; padding: 0px; font-family: Gilroy, sans-serif; text-decoration-line: none; color: #283242; outline-width: 0px; border-radius: 0px; box-sizing: border-box; font-size: 16px;"><span style="margin: 0px; padding: 0px 0px 18px; font-family: Gilroy, sans-serif; font-weight: 500; text-decoration-line: none; color: #283242; outline-width: 0px; border-radius: 0px; box-sizing: border-box; font-size: 20px; line-height: 24px; display: block;">Память</span></div>\r\n<div class="configuration-item-row-detail" style="margin: 0px; padding: 0px 0px 10px; font-family: Gilroy, sans-serif; text-decoration-line: none; color: #283242; outline-width: 0px; border-radius: 0px; box-sizing: border-box; font-size: 16px;">\r\n<div class="flex" style="margin: 0px; padding: 0px 0px 15px; font-family: Gilroy, sans-serif; text-decoration-line: none; color: #283242; outline-width: 0px; border-radius: 0px; box-sizing: border-box; font-size: 16px; display: flex; justify-content: space-between; align-items: flex-start; position: relative;"><span class="title" style="margin: 0px; padding: 0px; font-family: Gilroy, sans-serif; text-decoration-line: none; color: #8e939b; outline-width: 0px; border-radius: 0px; box-sizing: border-box; font-size: 16px; line-height: 22.4px; display: block; width: 322.5px;">Объем оперативной памяти</span><span class="info" style="margin: 0px; padding: 0px; font-family: Gilroy, sans-serif; text-decoration-line: none; color: #283242; outline-width: 0px; border-radius: 0px; box-sizing: border-box; font-size: 16px; line-height: 22.4px; display: block; width: 322.5px; text-align: left;">12 ГБ</span></div>\r\n<div class="flex" style="margin: 0px; padding: 0px 0px 15px; font-family: Gilroy, sans-serif; text-decoration-line: none; color: #283242; outline-width: 0px; border-radius: 0px; box-sizing: border-box; font-size: 16px; display: flex; justify-content: space-between; align-items: flex-start; position: relative;"><span class="title" style="margin: 0px; padding: 0px; font-family: Gilroy, sans-serif; text-decoration-line: none; color: #8e939b; outline-width: 0px; border-radius: 0px; box-sizing: border-box; font-size: 16px; line-height: 22.4px; display: block; width: 322.5px;">Объем встроенной памяти</span><span class="info" style="margin: 0px; padding: 0px; font-family: Gilroy, sans-serif; text-decoration-line: none; color: #283242; outline-width: 0px; border-radius: 0px; box-sizing: border-box; font-size: 16px; line-height: 22.4px; display: block; width: 322.5px; text-align: left;">256 ГБ</span></div>\r\n</div>\r\n</div>\r\n<div class="configuration-item" style="margin: 0px; padding: 0px 0px 15px; font-family: Gilroy, sans-serif; text-decoration-line: none; color: #283242; outline-width: 0px; border-radius: 0px; box-sizing: border-box; font-size: 16px; text-align: left; white-space: normal;">\r\n<div class="configuration-item-row-title" style="margin: 0px; padding: 0px; font-family: Gilroy, sans-serif; text-decoration-line: none; color: #283242; outline-width: 0px; border-radius: 0px; box-sizing: border-box; font-size: 16px;"><span style="margin: 0px; padding: 0px 0px 18px; font-family: Gilroy, sans-serif; font-weight: 500; text-decoration-line: none; color: #283242; outline-width: 0px; border-radius: 0px; box-sizing: border-box; font-size: 20px; line-height: 24px; display: block;">Дисплей</span></div>\r\n<div class="configuration-item-row-detail" style="margin: 0px; padding: 0px 0px 10px; font-family: Gilroy, sans-serif; text-decoration-line: none; color: #283242; outline-width: 0px; border-radius: 0px; box-sizing: border-box; font-size: 16px;">\r\n<div class="flex" style="margin: 0px; padding: 0px 0px 15px; font-family: Gilroy, sans-serif; text-decoration-line: none; color: #283242; outline-width: 0px; border-radius: 0px; box-sizing: border-box; font-size: 16px; display: flex; justify-content: space-between; align-items: flex-start; position: relative;"><span class="title" style="margin: 0px; padding: 0px; font-family: Gilroy, sans-serif; text-decoration-line: none; color: #8e939b; outline-width: 0px; border-radius: 0px; box-sizing: border-box; font-size: 16px; line-height: 22.4px; display: block; width: 322.5px;">Диагональ экрана</span><span class="info" style="margin: 0px; padding: 0px; font-family: Gilroy, sans-serif; text-decoration-line: none; color: #283242; outline-width: 0px; border-radius: 0px; box-sizing: border-box; font-size: 16px; line-height: 22.4px; display: block; width: 322.5px; text-align: left;">6.3" (15.24 см)</span></div>\r\n<div class="flex" style="margin: 0px; padding: 0px 0px 15px; font-family: Gilroy, sans-serif; text-decoration-line: none; color: #283242; outline-width: 0px; border-radius: 0px; box-sizing: border-box; font-size: 16px; display: flex; justify-content: space-between; align-items: flex-start; position: relative;"><span class="title" style="margin: 0px; padding: 0px; font-family: Gilroy, sans-serif; text-decoration-line: none; color: #8e939b; outline-width: 0px; border-radius: 0px; box-sizing: border-box; font-size: 16px; line-height: 22.4px; display: block; width: 322.5px;">Разрешение</span><span class="info" style="margin: 0px; padding: 0px; font-family: Gilroy, sans-serif; text-decoration-line: none; color: #283242; outline-width: 0px; border-radius: 0px; box-sizing: border-box; font-size: 16px; line-height: 22.4px; display: block; width: 322.5px; text-align: left;">2622 &times; 1206</span></div>\r\n<div class="flex" style="margin: 0px; padding: 0px 0px 15px; font-family: Gilroy, sans-serif; text-decoration-line: none; color: #283242; outline-width: 0px; border-radius: 0px; box-sizing: border-box; font-size: 16px; display: flex; justify-content: space-between; align-items: flex-start; position: relative;"><span class="title" style="margin: 0px; padding: 0px; font-family: Gilroy, sans-serif; text-decoration-line: none; color: #8e939b; outline-width: 0px; border-radius: 0px; box-sizing: border-box; font-size: 16px; line-height: 22.4px; display: block; width: 322.5px;">Тип дисплея</span><span class="info" style="margin: 0px; padding: 0px; font-family: Gilroy, sans-serif; text-decoration-line: none; color: #283242; outline-width: 0px; border-radius: 0px; box-sizing: border-box; font-size: 16px; line-height: 22.4px; display: block; width: 322.5px; text-align: left;">OLED</span></div>\r\n<div class="flex" style="margin: 0px; padding: 0px 0px 15px; font-family: Gilroy, sans-serif; text-decoration-line: none; color: #283242; outline-width: 0px; border-radius: 0px; box-sizing: border-box; font-size: 16px; display: flex; justify-content: space-between; align-items: flex-start; position: relative;"><span class="title" style="margin: 0px; padding: 0px; font-family: Gilroy, sans-serif; text-decoration-line: none; color: #8e939b; outline-width: 0px; border-radius: 0px; box-sizing: border-box; font-size: 16px; line-height: 22.4px; display: block; width: 322.5px;">Частота смены кадров, Гц</span><span class="info" style="margin: 0px; padding: 0px; font-family: Gilroy, sans-serif; text-decoration-line: none; color: #283242; outline-width: 0px; border-radius: 0px; box-sizing: border-box; font-size: 16px; line-height: 22.4px; display: block; width: 322.5px; text-align: left;">120 Гц</span></div>\r\n<div class="flex" style="margin: 0px; padding: 0px 0px 15px; font-family: Gilroy, sans-serif; text-decoration-line: none; color: #283242; outline-width: 0px; border-radius: 0px; box-sizing: border-box; font-size: 16px; display: flex; justify-content: space-between; align-items: flex-start; position: relative;"><span class="title" style="margin: 0px; padding: 0px; font-family: Gilroy, sans-serif; text-decoration-line: none; color: #8e939b; outline-width: 0px; border-radius: 0px; box-sizing: border-box; font-size: 16px; line-height: 22.4px; display: block; width: 322.5px;">Яркость</span><span class="info" style="margin: 0px; padding: 0px; font-family: Gilroy, sans-serif; text-decoration-line: none; color: #283242; outline-width: 0px; border-radius: 0px; box-sizing: border-box; font-size: 16px; line-height: 22.4px; display: block; width: 322.5px; text-align: left;">3000 нит</span></div>\r\n</div>\r\n</div>\r\n<div class="configuration-item" style="margin: 0px; padding: 0px 0px 15px; font-family: Gilroy, sans-serif; text-decoration-line: none; color: #283242; outline-width: 0px; border-radius: 0px; box-sizing: border-box; font-size: 16px; text-align: left; white-space: normal;">\r\n<div class="configuration-item-row-title" style="margin: 0px; padding: 0px; font-family: Gilroy, sans-serif; text-decoration-line: none; color: #283242; outline-width: 0px; border-radius: 0px; box-sizing: border-box; font-size: 16px;"><span style="margin: 0px; padding: 0px 0px 18px; font-family: Gilroy, sans-serif; font-weight: 500; text-decoration-line: none; color: #283242; outline-width: 0px; border-radius: 0px; box-sizing: border-box; font-size: 20px; line-height: 24px; display: block;">Стандарт связи/интернет</span></div>\r\n<div class="configuration-item-row-detail" style="margin: 0px; padding: 0px 0px 10px; font-family: Gilroy, sans-serif; text-decoration-line: none; color: #283242; outline-width: 0px; border-radius: 0px; box-sizing: border-box; font-size: 16px;">\r\n<div class="flex" style="margin: 0px; padding: 0px 0px 15px; font-family: Gilroy, sans-serif; text-decoration-line: none; color: #283242; outline-width: 0px; border-radius: 0px; box-sizing: border-box; font-size: 16px; display: flex; justify-content: space-between; align-items: flex-start; position: relative;"><span class="title" style="margin: 0px; padding: 0px; font-family: Gilroy, sans-serif; text-decoration-line: none; color: #8e939b; outline-width: 0px; border-radius: 0px; box-sizing: border-box; font-size: 16px; line-height: 22.4px; display: block; width: 322.5px;">Стандарт связи</span><span class="info" style="margin: 0px; padding: 0px; font-family: Gilroy, sans-serif; text-decoration-line: none; color: #283242; outline-width: 0px; border-radius: 0px; box-sizing: border-box; font-size: 16px; line-height: 22.4px; display: block; width: 322.5px; text-align: left;">2G / 3G / 4G / 5G</span></div>\r\n<div class="flex" style="margin: 0px; padding: 0px 0px 15px; font-family: Gilroy, sans-serif; text-decoration-line: none; color: #283242; outline-width: 0px; border-radius: 0px; box-sizing: border-box; font-size: 16px; display: flex; justify-content: space-between; align-items: flex-start; position: relative;"><span class="title" style="margin: 0px; padding: 0px; font-family: Gilroy, sans-serif; text-decoration-line: none; color: #8e939b; outline-width: 0px; border-radius: 0px; box-sizing: border-box; font-size: 16px; line-height: 22.4px; display: block; width: 322.5px;">Стандарты GSM</span><span class="info" style="margin: 0px; padding: 0px; font-family: Gilroy, sans-serif; text-decoration-line: none; color: #283242; outline-width: 0px; border-radius: 0px; box-sizing: border-box; font-size: 16px; line-height: 22.4px; display: block; width: 322.5px; text-align: left;">GSM EDGE / 5G NR / FDD 5G NR / TDD 5G NR / FDD LTE / TDD LTE / UMTS / HSPA+</span></div>\r\n<div class="flex" style="margin: 0px; padding: 0px 0px 15px; font-family: Gilroy, sans-serif; text-decoration-line: none; color: #283242; outline-width: 0px; border-radius: 0px; box-sizing: border-box; font-size: 16px; display: flex; justify-content: space-between; align-items: flex-start; position: relative;"><span class="title" style="margin: 0px; padding: 0px; font-family: Gilroy, sans-serif; text-decoration-line: none; color: #8e939b; outline-width: 0px; border-radius: 0px; box-sizing: border-box; font-size: 16px; line-height: 22.4px; display: block; width: 322.5px;">Поддержка Wi-Fi</span><span class="info" style="margin: 0px; padding: 0px; font-family: Gilroy, sans-serif; text-decoration-line: none; color: #283242; outline-width: 0px; border-radius: 0px; box-sizing: border-box; font-size: 16px; line-height: 22.4px; display: block; width: 322.5px; text-align: left;">Wi-Fi 7 (802.11 a/b/g/n/ac/ax/be)</span></div>\r\n<div class="flex" style="margin: 0px; padding: 0px 0px 15px; font-family: Gilroy, sans-serif; text-decoration-line: none; color: #283242; outline-width: 0px; border-radius: 0px; box-sizing: border-box; font-size: 16px; display: flex; justify-content: space-between; align-items: flex-start; position: relative;"><span class="title" style="margin: 0px; padding: 0px; font-family: Gilroy, sans-serif; text-decoration-line: none; color: #8e939b; outline-width: 0px; border-radius: 0px; box-sizing: border-box; font-size: 16px; line-height: 22.4px; display: block; width: 322.5px;">Bluetooth</span><span class="info" style="margin: 0px; padding: 0px; font-family: Gilroy, sans-serif; text-decoration-line: none; color: #283242; outline-width: 0px; border-radius: 0px; box-sizing: border-box; font-size: 16px; line-height: 22.4px; display: block; width: 322.5px; text-align: left;">6.0</span></div>\r\n<div class="flex" style="margin: 0px; padding: 0px 0px 15px; font-family: Gilroy, sans-serif; text-decoration-line: none; color: #283242; outline-width: 0px; border-radius: 0px; box-sizing: border-box; font-size: 16px; display: flex; justify-content: space-between; align-items: flex-start; position: relative;"><span class="title" style="margin: 0px; padding: 0px; font-family: Gilroy, sans-serif; text-decoration-line: none; color: #8e939b; outline-width: 0px; border-radius: 0px; box-sizing: border-box; font-size: 16px; line-height: 22.4px; display: block; width: 322.5px;">GPS-модуль</span><span class="info" style="margin: 0px; padding: 0px; font-family: Gilroy, sans-serif; text-decoration-line: none; color: #283242; outline-width: 0px; border-radius: 0px; box-sizing: border-box; font-size: 16px; line-height: 22.4px; display: block; width: 322.5px; text-align: left;">GPS / GLONASS / BEIDOU / GALILEO / QZSS / NavIC</span></div>\r\n</div>\r\n</div>\r\n<div class="configuration-item" style="margin: 0px; padding: 0px 0px 15px; font-family: Gilroy, sans-serif; text-decoration-line: none; color: #283242; outline-width: 0px; border-radius: 0px; box-sizing: border-box; font-size: 16px; text-align: left; white-space: normal;">\r\n<div class="configuration-item-row-title" style="margin: 0px; padding: 0px; font-family: Gilroy, sans-serif; text-decoration-line: none; color: #283242; outline-width: 0px; border-radius: 0px; box-sizing: border-box; font-size: 16px;"><span style="margin: 0px; padding: 0px 0px 18px; font-family: Gilroy, sans-serif; font-weight: 500; text-decoration-line: none; color: #283242; outline-width: 0px; border-radius: 0px; box-sizing: border-box; font-size: 20px; line-height: 24px; display: block;">Камера</span></div>\r\n<div class="configuration-item-row-detail" style="margin: 0px; padding: 0px 0px 10px; font-family: Gilroy, sans-serif; text-decoration-line: none; color: #283242; outline-width: 0px; border-radius: 0px; box-sizing: border-box; font-size: 16px;">\r\n<div class="flex" style="margin: 0px; padding: 0px 0px 15px; font-family: Gilroy, sans-serif; text-decoration-line: none; color: #283242; outline-width: 0px; border-radius: 0px; box-sizing: border-box; font-size: 16px; display: flex; justify-content: space-between; align-items: flex-start; position: relative;"><span class="title" style="margin: 0px; padding: 0px; font-family: Gilroy, sans-serif; text-decoration-line: none; color: #8e939b; outline-width: 0px; border-radius: 0px; box-sizing: border-box; font-size: 16px; line-height: 22.4px; display: block; width: 322.5px;">Разрешение основной камеры, МП</span><span class="info" style="margin: 0px; padding: 0px; font-family: Gilroy, sans-serif; text-decoration-line: none; color: #283242; outline-width: 0px; border-radius: 0px; box-sizing: border-box; font-size: 16px; line-height: 22.4px; display: block; width: 322.5px; text-align: left;">48+48+48+LiDAR</span></div>\r\n<div class="flex" style="margin: 0px; padding: 0px 0px 15px; font-family: Gilroy, sans-serif; text-decoration-line: none; color: #283242; outline-width: 0px; border-radius: 0px; box-sizing: border-box; font-size: 16px; display: flex; justify-content: space-between; align-items: flex-start; position: relative;"><span class="title" style="margin: 0px; padding: 0px; font-family: Gilroy, sans-serif; text-decoration-line: none; color: #8e939b; outline-width: 0px; border-radius: 0px; box-sizing: border-box; font-size: 16px; line-height: 22.4px; display: block; width: 322.5px;">Разрешение фронтальной камеры, МП</span><span class="info" style="margin: 0px; padding: 0px; font-family: Gilroy, sans-serif; text-decoration-line: none; color: #283242; outline-width: 0px; border-radius: 0px; box-sizing: border-box; font-size: 16px; line-height: 22.4px; display: block; width: 322.5px; text-align: left;">24</span></div>\r\n<div class="flex" style="margin: 0px; padding: 0px 0px 15px; font-family: Gilroy, sans-serif; text-decoration-line: none; color: #283242; outline-width: 0px; border-radius: 0px; box-sizing: border-box; font-size: 16px; display: flex; justify-content: space-between; align-items: flex-start; position: relative;"><span class="title" style="margin: 0px; padding: 0px; font-family: Gilroy, sans-serif; text-decoration-line: none; color: #8e939b; outline-width: 0px; border-radius: 0px; box-sizing: border-box; font-size: 16px; line-height: 22.4px; display: block; width: 322.5px;">Стабилизация изображения</span><span class="info" style="margin: 0px; padding: 0px; font-family: Gilroy, sans-serif; text-decoration-line: none; color: #283242; outline-width: 0px; border-radius: 0px; box-sizing: border-box; font-size: 16px; line-height: 22.4px; display: block; width: 322.5px; text-align: left;">Есть</span></div>\r\n<div class="flex" style="margin: 0px; padding: 0px 0px 15px; font-family: Gilroy, sans-serif; text-decoration-line: none; color: #283242; outline-width: 0px; border-radius: 0px; box-sizing: border-box; font-size: 16px; display: flex; justify-content: space-between; align-items: flex-start; position: relative;"><span class="title" style="margin: 0px; padding: 0px; font-family: Gilroy, sans-serif; text-decoration-line: none; color: #8e939b; outline-width: 0px; border-radius: 0px; box-sizing: border-box; font-size: 16px; line-height: 22.4px; display: block; width: 322.5px;">Максимальное разрешение видеосъемки</span><span class="info" style="margin: 0px; padding: 0px; font-family: Gilroy, sans-serif; text-decoration-line: none; color: #283242; outline-width: 0px; border-radius: 0px; box-sizing: border-box; font-size: 16px; line-height: 22.4px; display: block; width: 322.5px; text-align: left;">7680 &times; 4320 (8K)</span></div>\r\n<div class="flex" style="margin: 0px; padding: 0px 0px 15px; font-family: Gilroy, sans-serif; text-decoration-line: none; color: #283242; outline-width: 0px; border-radius: 0px; box-sizing: border-box; font-size: 16px; display: flex; justify-content: space-between; align-items: flex-start; position: relative;"><span class="title" style="margin: 0px; padding: 0px; font-family: Gilroy, sans-serif; text-decoration-line: none; color: #8e939b; outline-width: 0px; border-radius: 0px; box-sizing: border-box; font-size: 16px; line-height: 22.4px; display: block; width: 322.5px;">Автофокус</span><span class="info" style="margin: 0px; padding: 0px; font-family: Gilroy, sans-serif; text-decoration-line: none; color: #283242; outline-width: 0px; border-radius: 0px; box-sizing: border-box; font-size: 16px; line-height: 22.4px; display: block; width: 322.5px; text-align: left;">Есть</span></div>\r\n<div class="flex" style="margin: 0px; padding: 0px 0px 15px; font-family: Gilroy, sans-serif; text-decoration-line: none; color: #283242; outline-width: 0px; border-radius: 0px; box-sizing: border-box; font-size: 16px; display: flex; justify-content: space-between; align-items: flex-start; position: relative;"><span class="title" style="margin: 0px; padding: 0px; font-family: Gilroy, sans-serif; text-decoration-line: none; color: #8e939b; outline-width: 0px; border-radius: 0px; box-sizing: border-box; font-size: 16px; line-height: 22.4px; display: block; width: 322.5px;">Вспышка</span><span class="info" style="margin: 0px; padding: 0px; font-family: Gilroy, sans-serif; text-decoration-line: none; color: #283242; outline-width: 0px; border-radius: 0px; box-sizing: border-box; font-size: 16px; line-height: 22.4px; display: block; width: 322.5px; text-align: left;">Одинарная LED</span></div>\r\n</div>\r\n</div>\r\n<div class="configuration-item" style="margin: 0px; padding: 0px 0px 15px; font-family: Gilroy, sans-serif; text-decoration-line: none; color: #283242; outline-width: 0px; border-radius: 0px; box-sizing: border-box; font-size: 16px; text-align: left; white-space: normal;">\r\n<div class="configuration-item-row-title" style="margin: 0px; padding: 0px; font-family: Gilroy, sans-serif; text-decoration-line: none; color: #283242; outline-width: 0px; border-radius: 0px; box-sizing: border-box; font-size: 16px;"><span style="margin: 0px; padding: 0px 0px 18px; font-family: Gilroy, sans-serif; font-weight: 500; text-decoration-line: none; color: #283242; outline-width: 0px; border-radius: 0px; box-sizing: border-box; font-size: 20px; line-height: 24px; display: block;">Питание</span></div>\r\n<div class="configuration-item-row-detail" style="margin: 0px; padding: 0px 0px 10px; font-family: Gilroy, sans-serif; text-decoration-line: none; color: #283242; outline-width: 0px; border-radius: 0px; box-sizing: border-box; font-size: 16px;">\r\n<div class="flex" style="margin: 0px; padding: 0px 0px 15px; font-family: Gilroy, sans-serif; text-decoration-line: none; color: #283242; outline-width: 0px; border-radius: 0px; box-sizing: border-box; font-size: 16px; display: flex; justify-content: space-between; align-items: flex-start; position: relative;"><span class="title" style="margin: 0px; padding: 0px; font-family: Gilroy, sans-serif; text-decoration-line: none; color: #8e939b; outline-width: 0px; border-radius: 0px; box-sizing: border-box; font-size: 16px; line-height: 22.4px; display: block; width: 322.5px;">Емкость аккумулятора</span><span class="info" style="margin: 0px; padding: 0px; font-family: Gilroy, sans-serif; text-decoration-line: none; color: #283242; outline-width: 0px; border-radius: 0px; box-sizing: border-box; font-size: 16px; line-height: 22.4px; display: block; width: 322.5px; text-align: left;">4252 мАч</span></div>\r\n<div class="flex" style="margin: 0px; padding: 0px 0px 15px; font-family: Gilroy, sans-serif; text-decoration-line: none; color: #283242; outline-width: 0px; border-radius: 0px; box-sizing: border-box; font-size: 16px; display: flex; justify-content: space-between; align-items: flex-start; position: relative;"><span class="title" style="margin: 0px; padding: 0px; font-family: Gilroy, sans-serif; text-decoration-line: none; color: #8e939b; outline-width: 0px; border-radius: 0px; box-sizing: border-box; font-size: 16px; line-height: 22.4px; display: block; width: 322.5px;">Тип аккумулятора</span><span class="info" style="margin: 0px; padding: 0px; font-family: Gilroy, sans-serif; text-decoration-line: none; color: #283242; outline-width: 0px; border-radius: 0px; box-sizing: border-box; font-size: 16px; line-height: 22.4px; display: block; width: 322.5px; text-align: left;">Литий-ионный (Li-Ion)</span></div>\r\n<div class="flex" style="margin: 0px; padding: 0px 0px 15px; font-family: Gilroy, sans-serif; text-decoration-line: none; color: #283242; outline-width: 0px; border-radius: 0px; box-sizing: border-box; font-size: 16px; display: flex; justify-content: space-between; align-items: flex-start; position: relative;"><span class="title" style="margin: 0px; padding: 0px; font-family: Gilroy, sans-serif; text-decoration-line: none; color: #8e939b; outline-width: 0px; border-radius: 0px; box-sizing: border-box; font-size: 16px; line-height: 22.4px; display: block; width: 322.5px;">Беспроводная зарядка</span><span class="info" style="margin: 0px; padding: 0px; font-family: Gilroy, sans-serif; text-decoration-line: none; color: #283242; outline-width: 0px; border-radius: 0px; box-sizing: border-box; font-size: 16px; line-height: 22.4px; display: block; width: 322.5px; text-align: left;">Есть, покупается отдельно</span></div>\r\n</div>\r\n</div>\r\n<div class="configuration-item" style="margin: 0px; padding: 0px 0px 15px; font-family: Gilroy, sans-serif; text-decoration-line: none; color: #283242; outline-width: 0px; border-radius: 0px; box-sizing: border-box; font-size: 16px; text-align: left; white-space: normal;">\r\n<div class="configuration-item-row-title" style="margin: 0px; padding: 0px; font-family: Gilroy, sans-serif; text-decoration-line: none; color: #283242; outline-width: 0px; border-radius: 0px; box-sizing: border-box; font-size: 16px;"><span style="margin: 0px; padding: 0px 0px 18px; font-family: Gilroy, sans-serif; font-weight: 500; text-decoration-line: none; color: #283242; outline-width: 0px; border-radius: 0px; box-sizing: border-box; font-size: 20px; line-height: 24px; display: block;">Габариты и вес</span></div>\r\n<div class="configuration-item-row-detail" style="margin: 0px; padding: 0px 0px 10px; font-family: Gilroy, sans-serif; text-decoration-line: none; color: #283242; outline-width: 0px; border-radius: 0px; box-sizing: border-box; font-size: 16px;">\r\n<div class="flex" style="margin: 0px; padding: 0px 0px 15px; font-family: Gilroy, sans-serif; text-decoration-line: none; color: #283242; outline-width: 0px; border-radius: 0px; box-sizing: border-box; font-size: 16px; display: flex; justify-content: space-between; align-items: flex-start; position: relative;"><span class="title" style="margin: 0px; padding: 0px; font-family: Gilroy, sans-serif; text-decoration-line: none; color: #8e939b; outline-width: 0px; border-radius: 0px; box-sizing: border-box; font-size: 16px; line-height: 22.4px; display: block; width: 322.5px;">Вес</span><span class="info" style="margin: 0px; padding: 0px; font-family: Gilroy, sans-serif; text-decoration-line: none; color: #283242; outline-width: 0px; border-radius: 0px; box-sizing: border-box; font-size: 16px; line-height: 22.4px; display: block; width: 322.5px; text-align: left;">206 г</span></div>\r\n<div class="flex" style="margin: 0px; padding: 0px 0px 15px; font-family: Gilroy, sans-serif; text-decoration-line: none; color: #283242; outline-width: 0px; border-radius: 0px; box-sizing: border-box; font-size: 16px; display: flex; justify-content: space-between; align-items: flex-start; position: relative;"><span class="title" style="margin: 0px; padding: 0px; font-family: Gilroy, sans-serif; text-decoration-line: none; color: #8e939b; outline-width: 0px; border-radius: 0px; box-sizing: border-box; font-size: 16px; line-height: 22.4px; display: block; width: 322.5px;">Ширина</span><span class="info" style="margin: 0px; padding: 0px; font-family: Gilroy, sans-serif; text-decoration-line: none; color: #283242; outline-width: 0px; border-radius: 0px; box-sizing: border-box; font-size: 16px; line-height: 22.4px; display: block; width: 322.5px; text-align: left;">71.9 мм</span></div>\r\n<div class="flex" style="margin: 0px; padding: 0px 0px 15px; font-family: Gilroy, sans-serif; text-decoration-line: none; color: #283242; outline-width: 0px; border-radius: 0px; box-sizing: border-box; font-size: 16px; display: flex; justify-content: space-between; align-items: flex-start; position: relative;"><span class="title" style="margin: 0px; padding: 0px; font-family: Gilroy, sans-serif; text-decoration-line: none; color: #8e939b; outline-width: 0px; border-radius: 0px; box-sizing: border-box; font-size: 16px; line-height: 22.4px; display: block; width: 322.5px;">Высота</span><span class="info" style="margin: 0px; padding: 0px; font-family: Gilroy, sans-serif; text-decoration-line: none; color: #283242; outline-width: 0px; border-radius: 0px; box-sizing: border-box; font-size: 16px; line-height: 22.4px; display: block; width: 322.5px; text-align: left;">150 мм</span></div>\r\n<div class="flex" style="margin: 0px; padding: 0px 0px 15px; font-family: Gilroy, sans-serif; text-decoration-line: none; color: #283242; outline-width: 0px; border-radius: 0px; box-sizing: border-box; font-size: 16px; display: flex; justify-content: space-between; align-items: flex-start; position: relative;"><span class="title" style="margin: 0px; padding: 0px; font-family: Gilroy, sans-serif; text-decoration-line: none; color: #8e939b; outline-width: 0px; border-radius: 0px; box-sizing: border-box; font-size: 16px; line-height: 22.4px; display: block; width: 322.5px;">Глубина</span><span class="info" style="margin: 0px; padding: 0px; font-family: Gilroy, sans-serif; text-decoration-line: none; color: #283242; outline-width: 0px; border-radius: 0px; box-sizing: border-box; font-size: 16px; line-height: 22.4px; display: block; width: 322.5px; text-align: left;">8.75 мм</span></div>\r\n</div>\r\n</div>\r\n<div class="configuration-item" style="margin: 0px; padding: 0px 0px 15px; font-family: Gilroy, sans-serif; text-decoration-line: none; color: #283242; outline-width: 0px; border-radius: 0px; box-sizing: border-box; font-size: 16px; text-align: left; white-space: normal;">\r\n<div class="configuration-item-row-title" style="margin: 0px; padding: 0px; font-family: Gilroy, sans-serif; text-decoration-line: none; color: #283242; outline-width: 0px; border-radius: 0px; box-sizing: border-box; font-size: 16px;"><span style="margin: 0px; padding: 0px 0px 18px; font-family: Gilroy, sans-serif; font-weight: 500; text-decoration-line: none; color: #283242; outline-width: 0px; border-radius: 0px; box-sizing: border-box; font-size: 20px; line-height: 24px; display: block;">Служебная информация</span></div>\r\n<div class="configuration-item-row-detail" style="margin: 0px; padding: 0px 0px 10px; font-family: Gilroy, sans-serif; text-decoration-line: none; color: #283242; outline-width: 0px; border-radius: 0px; box-sizing: border-box; font-size: 16px;">\r\n<div class="flex" style="margin: 0px; padding: 0px 0px 15px; font-family: Gilroy, sans-serif; text-decoration-line: none; color: #283242; outline-width: 0px; border-radius: 0px; box-sizing: border-box; font-size: 16px; display: flex; justify-content: space-between; align-items: flex-start; position: relative;"><span class="title" style="margin: 0px; padding: 0px; font-family: Gilroy, sans-serif; text-decoration-line: none; color: #8e939b; outline-width: 0px; border-radius: 0px; box-sizing: border-box; font-size: 16px; line-height: 22.4px; display: block; width: 322.5px;">Производитель</span><span class="info" style="margin: 0px; padding: 0px; font-family: Gilroy, sans-serif; text-decoration-line: none; color: #283242; outline-width: 0px; border-radius: 0px; box-sizing: border-box; font-size: 16px; line-height: 22.4px; display: block; width: 322.5px; text-align: left;">Apple</span></div>\r\n<div class="flex" style="margin: 0px; padding: 0px 0px 15px; font-family: Gilroy, sans-serif; text-decoration-line: none; color: #283242; outline-width: 0px; border-radius: 0px; box-sizing: border-box; font-size: 16px; display: flex; justify-content: space-between; align-items: flex-start; position: relative;"><span class="title" style="margin: 0px; padding: 0px; font-family: Gilroy, sans-serif; text-decoration-line: none; color: #8e939b; outline-width: 0px; border-radius: 0px; box-sizing: border-box; font-size: 16px; line-height: 22.4px; display: block; width: 322.5px;">Гарантия</span><span class="info" style="margin: 0px; padding: 0px; font-family: Gilroy, sans-serif; text-decoration-line: none; color: #283242; outline-width: 0px; border-radius: 0px; box-sizing: border-box; font-size: 16px; line-height: 22.4px; display: block; width: 322.5px; text-align: left;">1 год</span></div>\r\n<div class="flex" style="margin: 0px; padding: 0px 0px 15px; font-family: Gilroy, sans-serif; text-decoration-line: none; color: #283242; outline-width: 0px; border-radius: 0px; box-sizing: border-box; font-size: 16px; display: flex; justify-content: space-between; align-items: flex-start; position: relative;"><span class="title" style="margin: 0px; padding: 0px; font-family: Gilroy, sans-serif; text-decoration-line: none; color: #8e939b; outline-width: 0px; border-radius: 0px; box-sizing: border-box; font-size: 16px; line-height: 22.4px; display: block; width: 322.5px;">Цвет</span><span class="info" style="margin: 0px; padding: 0px; font-family: Gilroy, sans-serif; text-decoration-line: none; color: #283242; outline-width: 0px; border-radius: 0px; box-sizing: border-box; font-size: 16px; line-height: 22.4px; display: block; width: 322.5px; text-align: left;">Белый</span></div>\r\n<div class="flex" style="margin: 0px; padding: 0px 0px 15px; font-family: Gilroy, sans-serif; text-decoration-line: none; color: #283242; outline-width: 0px; border-radius: 0px; box-sizing: border-box; font-size: 16px; display: flex; justify-content: space-between; align-items: flex-start; position: relative;"><span class="title" style="margin: 0px; padding: 0px; font-family: Gilroy, sans-serif; text-decoration-line: none; color: #8e939b; outline-width: 0px; border-radius: 0px; box-sizing: border-box; font-size: 16px; line-height: 22.4px; display: block; width: 322.5px;">Страна происхождения</span><span class="info" style="margin: 0px; padding: 0px; font-family: Gilroy, sans-serif; text-decoration-line: none; color: #283242; outline-width: 0px; border-radius: 0px; box-sizing: border-box; font-size: 16px; line-height: 22.4px; display: block; width: 322.5px; text-align: left;">Китай</span></div>\r\n</div>\r\n</div>
4	Ноутбук Apple MacBook Air 13" M4 256GB Silver	noutbuk-apple-macbook-air-13-m4-256gb-silver	44	18596500	Серебристый	#c0c0c0	2026-01-20 18:34:54.806071+00	2026-05-14 13:17:45.891679+00	0	1	2	<p>Apple MacBook Air &mdash; это тонкий, лёгкий и мощный ноутбук, который подходит как для работы, так и для творчества и развлечений. Он сочетает энергоэффективность, высокую производительность и долгое время автономной работы в стильном корпусе из алюминия. Производительность MacBook Air построен на базе нового 10-ядерного процессора Apple M4, что обеспечивает высокую скорость обработки данных, быстрый отклик в приложениях и отличные результаты в многозадачности. Такой уровень мощи отлично подходит для офисных задач, видеомонтажа, а также творческих проектов.</p>	t	<div class="configuration-item" style="margin: 0px; padding: 0px 0px 15px; font-family: Gilroy, sans-serif; text-decoration-line: none; color: #283242; outline-width: 0px; border-radius: 0px; box-sizing: border-box; font-size: 16px; text-align: left; white-space: normal;">\r\n<div class="configuration-item-row-title" style="margin: 0px; padding: 0px; font-family: Gilroy, sans-serif; text-decoration-line: none; color: #283242; outline-width: 0px; border-radius: 0px; box-sizing: border-box; font-size: 16px;"><span style="margin: 0px; padding: 0px 0px 18px; font-family: Gilroy, sans-serif; font-weight: 500; text-decoration-line: none; color: #283242; outline-width: 0px; border-radius: 0px; box-sizing: border-box; font-size: 20px; line-height: 24px; display: block;">Процессор</span></div>\r\n<div class="configuration-item-row-detail" style="margin: 0px; padding: 0px 0px 10px; font-family: Gilroy, sans-serif; text-decoration-line: none; color: #283242; outline-width: 0px; border-radius: 0px; box-sizing: border-box; font-size: 16px;">\r\n<div class="flex" style="margin: 0px; padding: 0px 0px 15px; font-family: Gilroy, sans-serif; text-decoration-line: none; color: #283242; outline-width: 0px; border-radius: 0px; box-sizing: border-box; font-size: 16px; display: flex; justify-content: space-between; align-items: flex-start; position: relative;"><span class="title" style="margin: 0px; padding: 0px; font-family: Gilroy, sans-serif; text-decoration-line: none; color: #8e939b; outline-width: 0px; border-radius: 0px; box-sizing: border-box; font-size: 16px; line-height: 22.4px; display: block; width: 322.5px;">Количество ядер процессора</span><span class="info" style="margin: 0px; padding: 0px; font-family: Gilroy, sans-serif; text-decoration-line: none; color: #283242; outline-width: 0px; border-radius: 0px; box-sizing: border-box; font-size: 16px; line-height: 22.4px; display: block; width: 322.5px; text-align: left;">10</span></div>\r\n<div class="flex" style="margin: 0px; padding: 0px 0px 15px; font-family: Gilroy, sans-serif; text-decoration-line: none; color: #283242; outline-width: 0px; border-radius: 0px; box-sizing: border-box; font-size: 16px; display: flex; justify-content: space-between; align-items: flex-start; position: relative;"><span class="title" style="margin: 0px; padding: 0px; font-family: Gilroy, sans-serif; text-decoration-line: none; color: #8e939b; outline-width: 0px; border-radius: 0px; box-sizing: border-box; font-size: 16px; line-height: 22.4px; display: block; width: 322.5px;">Процессор</span><span class="info" style="margin: 0px; padding: 0px; font-family: Gilroy, sans-serif; text-decoration-line: none; color: #283242; outline-width: 0px; border-radius: 0px; box-sizing: border-box; font-size: 16px; line-height: 22.4px; display: block; width: 322.5px; text-align: left;">Apple M4</span></div>\r\n<div class="flex" style="margin: 0px; padding: 0px 0px 15px; font-family: Gilroy, sans-serif; text-decoration-line: none; color: #283242; outline-width: 0px; border-radius: 0px; box-sizing: border-box; font-size: 16px; display: flex; justify-content: space-between; align-items: flex-start; position: relative;"><span class="title" style="margin: 0px; padding: 0px; font-family: Gilroy, sans-serif; text-decoration-line: none; color: #8e939b; outline-width: 0px; border-radius: 0px; box-sizing: border-box; font-size: 16px; line-height: 22.4px; display: block; width: 322.5px;">Производитель процессора</span><span class="info" style="margin: 0px; padding: 0px; font-family: Gilroy, sans-serif; text-decoration-line: none; color: #283242; outline-width: 0px; border-radius: 0px; box-sizing: border-box; font-size: 16px; line-height: 22.4px; display: block; width: 322.5px; text-align: left;">Apple</span></div>\r\n<div class="flex" style="margin: 0px; padding: 0px 0px 15px; font-family: Gilroy, sans-serif; text-decoration-line: none; color: #283242; outline-width: 0px; border-radius: 0px; box-sizing: border-box; font-size: 16px; display: flex; justify-content: space-between; align-items: flex-start; position: relative;"><span class="title" style="margin: 0px; padding: 0px; font-family: Gilroy, sans-serif; text-decoration-line: none; color: #8e939b; outline-width: 0px; border-radius: 0px; box-sizing: border-box; font-size: 16px; line-height: 22.4px; display: block; width: 322.5px;">Тип ноутбука</span><span class="info" style="margin: 0px; padding: 0px; font-family: Gilroy, sans-serif; text-decoration-line: none; color: #283242; outline-width: 0px; border-radius: 0px; box-sizing: border-box; font-size: 16px; line-height: 22.4px; display: block; width: 322.5px; text-align: left;">Офисный</span></div>\r\n</div>\r\n</div>\r\n<div class="configuration-item" style="margin: 0px; padding: 0px 0px 15px; font-family: Gilroy, sans-serif; text-decoration-line: none; color: #283242; outline-width: 0px; border-radius: 0px; box-sizing: border-box; font-size: 16px; text-align: left; white-space: normal;">\r\n<div class="configuration-item-row-title" style="margin: 0px; padding: 0px; font-family: Gilroy, sans-serif; text-decoration-line: none; color: #283242; outline-width: 0px; border-radius: 0px; box-sizing: border-box; font-size: 16px;"><span style="margin: 0px; padding: 0px 0px 18px; font-family: Gilroy, sans-serif; font-weight: 500; text-decoration-line: none; color: #283242; outline-width: 0px; border-radius: 0px; box-sizing: border-box; font-size: 20px; line-height: 24px; display: block;">Дисплей</span></div>\r\n<div class="configuration-item-row-detail" style="margin: 0px; padding: 0px 0px 10px; font-family: Gilroy, sans-serif; text-decoration-line: none; color: #283242; outline-width: 0px; border-radius: 0px; box-sizing: border-box; font-size: 16px;">\r\n<div class="flex" style="margin: 0px; padding: 0px 0px 15px; font-family: Gilroy, sans-serif; text-decoration-line: none; color: #283242; outline-width: 0px; border-radius: 0px; box-sizing: border-box; font-size: 16px; display: flex; justify-content: space-between; align-items: flex-start; position: relative;"><span class="title" style="margin: 0px; padding: 0px; font-family: Gilroy, sans-serif; text-decoration-line: none; color: #8e939b; outline-width: 0px; border-radius: 0px; box-sizing: border-box; font-size: 16px; line-height: 22.4px; display: block; width: 322.5px;">Диагональ экрана</span><span class="info" style="margin: 0px; padding: 0px; font-family: Gilroy, sans-serif; text-decoration-line: none; color: #283242; outline-width: 0px; border-radius: 0px; box-sizing: border-box; font-size: 16px; line-height: 22.4px; display: block; width: 322.5px; text-align: left;">13.6" (34.5 см)</span></div>\r\n<div class="flex" style="margin: 0px; padding: 0px 0px 15px; font-family: Gilroy, sans-serif; text-decoration-line: none; color: #283242; outline-width: 0px; border-radius: 0px; box-sizing: border-box; font-size: 16px; display: flex; justify-content: space-between; align-items: flex-start; position: relative;"><span class="title" style="margin: 0px; padding: 0px; font-family: Gilroy, sans-serif; text-decoration-line: none; color: #8e939b; outline-width: 0px; border-radius: 0px; box-sizing: border-box; font-size: 16px; line-height: 22.4px; display: block; width: 322.5px;">Разрешение</span><span class="info" style="margin: 0px; padding: 0px; font-family: Gilroy, sans-serif; text-decoration-line: none; color: #283242; outline-width: 0px; border-radius: 0px; box-sizing: border-box; font-size: 16px; line-height: 22.4px; display: block; width: 322.5px; text-align: left;">2560 х 1664</span></div>\r\n<div class="flex" style="margin: 0px; padding: 0px 0px 15px; font-family: Gilroy, sans-serif; text-decoration-line: none; color: #283242; outline-width: 0px; border-radius: 0px; box-sizing: border-box; font-size: 16px; display: flex; justify-content: space-between; align-items: flex-start; position: relative;"><span class="title" style="margin: 0px; padding: 0px; font-family: Gilroy, sans-serif; text-decoration-line: none; color: #8e939b; outline-width: 0px; border-radius: 0px; box-sizing: border-box; font-size: 16px; line-height: 22.4px; display: block; width: 322.5px;">Тип дисплея</span><span class="info" style="margin: 0px; padding: 0px; font-family: Gilroy, sans-serif; text-decoration-line: none; color: #283242; outline-width: 0px; border-radius: 0px; box-sizing: border-box; font-size: 16px; line-height: 22.4px; display: block; width: 322.5px; text-align: left;">IPS</span></div>\r\n<div class="flex" style="margin: 0px; padding: 0px 0px 15px; font-family: Gilroy, sans-serif; text-decoration-line: none; color: #283242; outline-width: 0px; border-radius: 0px; box-sizing: border-box; font-size: 16px; display: flex; justify-content: space-between; align-items: flex-start; position: relative;"><span class="title" style="margin: 0px; padding: 0px; font-family: Gilroy, sans-serif; text-decoration-line: none; color: #8e939b; outline-width: 0px; border-radius: 0px; box-sizing: border-box; font-size: 16px; line-height: 22.4px; display: block; width: 322.5px;">Частота смены кадров, Гц</span><span class="info" style="margin: 0px; padding: 0px; font-family: Gilroy, sans-serif; text-decoration-line: none; color: #283242; outline-width: 0px; border-radius: 0px; box-sizing: border-box; font-size: 16px; line-height: 22.4px; display: block; width: 322.5px; text-align: left;">60 Гц</span></div>\r\n<div class="flex" style="margin: 0px; padding: 0px 0px 15px; font-family: Gilroy, sans-serif; text-decoration-line: none; color: #283242; outline-width: 0px; border-radius: 0px; box-sizing: border-box; font-size: 16px; display: flex; justify-content: space-between; align-items: flex-start; position: relative;"><span class="title" style="margin: 0px; padding: 0px; font-family: Gilroy, sans-serif; text-decoration-line: none; color: #8e939b; outline-width: 0px; border-radius: 0px; box-sizing: border-box; font-size: 16px; line-height: 22.4px; display: block; width: 322.5px;">Яркость</span><span class="info" style="margin: 0px; padding: 0px; font-family: Gilroy, sans-serif; text-decoration-line: none; color: #283242; outline-width: 0px; border-radius: 0px; box-sizing: border-box; font-size: 16px; line-height: 22.4px; display: block; width: 322.5px; text-align: left;">500 нит</span></div>\r\n</div>\r\n</div>\r\n<div class="configuration-item" style="margin: 0px; padding: 0px 0px 15px; font-family: Gilroy, sans-serif; text-decoration-line: none; color: #283242; outline-width: 0px; border-radius: 0px; box-sizing: border-box; font-size: 16px; text-align: left; white-space: normal;">\r\n<div class="configuration-item-row-title" style="margin: 0px; padding: 0px; font-family: Gilroy, sans-serif; text-decoration-line: none; color: #283242; outline-width: 0px; border-radius: 0px; box-sizing: border-box; font-size: 16px;"><span style="margin: 0px; padding: 0px 0px 18px; font-family: Gilroy, sans-serif; font-weight: 500; text-decoration-line: none; color: #283242; outline-width: 0px; border-radius: 0px; box-sizing: border-box; font-size: 20px; line-height: 24px; display: block;">Оперативная память</span></div>\r\n<div class="configuration-item-row-detail" style="margin: 0px; padding: 0px 0px 10px; font-family: Gilroy, sans-serif; text-decoration-line: none; color: #283242; outline-width: 0px; border-radius: 0px; box-sizing: border-box; font-size: 16px;">\r\n<div class="flex" style="margin: 0px; padding: 0px 0px 15px; font-family: Gilroy, sans-serif; text-decoration-line: none; color: #283242; outline-width: 0px; border-radius: 0px; box-sizing: border-box; font-size: 16px; display: flex; justify-content: space-between; align-items: flex-start; position: relative;"><span class="title" style="margin: 0px; padding: 0px; font-family: Gilroy, sans-serif; text-decoration-line: none; color: #8e939b; outline-width: 0px; border-radius: 0px; box-sizing: border-box; font-size: 16px; line-height: 22.4px; display: block; width: 322.5px;">Объем оперативной памяти</span><span class="info" style="margin: 0px; padding: 0px; font-family: Gilroy, sans-serif; text-decoration-line: none; color: #283242; outline-width: 0px; border-radius: 0px; box-sizing: border-box; font-size: 16px; line-height: 22.4px; display: block; width: 322.5px; text-align: left;">16 ГБ</span></div>\r\n</div>\r\n</div>\r\n<div class="configuration-item" style="margin: 0px; padding: 0px 0px 15px; font-family: Gilroy, sans-serif; text-decoration-line: none; color: #283242; outline-width: 0px; border-radius: 0px; box-sizing: border-box; font-size: 16px; text-align: left; white-space: normal;">\r\n<div class="configuration-item-row-title" style="margin: 0px; padding: 0px; font-family: Gilroy, sans-serif; text-decoration-line: none; color: #283242; outline-width: 0px; border-radius: 0px; box-sizing: border-box; font-size: 16px;"><span style="margin: 0px; padding: 0px 0px 18px; font-family: Gilroy, sans-serif; font-weight: 500; text-decoration-line: none; color: #283242; outline-width: 0px; border-radius: 0px; box-sizing: border-box; font-size: 20px; line-height: 24px; display: block;">Накопители данных</span></div>\r\n<div class="configuration-item-row-detail" style="margin: 0px; padding: 0px 0px 10px; font-family: Gilroy, sans-serif; text-decoration-line: none; color: #283242; outline-width: 0px; border-radius: 0px; box-sizing: border-box; font-size: 16px;">\r\n<div class="flex" style="margin: 0px; padding: 0px 0px 15px; font-family: Gilroy, sans-serif; text-decoration-line: none; color: #283242; outline-width: 0px; border-radius: 0px; box-sizing: border-box; font-size: 16px; display: flex; justify-content: space-between; align-items: flex-start; position: relative;"><span class="title" style="margin: 0px; padding: 0px; font-family: Gilroy, sans-serif; text-decoration-line: none; color: #8e939b; outline-width: 0px; border-radius: 0px; box-sizing: border-box; font-size: 16px; line-height: 22.4px; display: block; width: 322.5px;">Объем SSD, ГБ</span><span class="info" style="margin: 0px; padding: 0px; font-family: Gilroy, sans-serif; text-decoration-line: none; color: #283242; outline-width: 0px; border-radius: 0px; box-sizing: border-box; font-size: 16px; line-height: 22.4px; display: block; width: 322.5px; text-align: left;">256 ГБ</span></div>\r\n</div>\r\n</div>\r\n<div class="configuration-item" style="margin: 0px; padding: 0px 0px 15px; font-family: Gilroy, sans-serif; text-decoration-line: none; color: #283242; outline-width: 0px; border-radius: 0px; box-sizing: border-box; font-size: 16px; text-align: left; white-space: normal;">\r\n<div class="configuration-item-row-title" style="margin: 0px; padding: 0px; font-family: Gilroy, sans-serif; text-decoration-line: none; color: #283242; outline-width: 0px; border-radius: 0px; box-sizing: border-box; font-size: 16px;"><span style="margin: 0px; padding: 0px 0px 18px; font-family: Gilroy, sans-serif; font-weight: 500; text-decoration-line: none; color: #283242; outline-width: 0px; border-radius: 0px; box-sizing: border-box; font-size: 20px; line-height: 24px; display: block;">Видеокарта</span></div>\r\n<div class="configuration-item-row-detail" style="margin: 0px; padding: 0px 0px 10px; font-family: Gilroy, sans-serif; text-decoration-line: none; color: #283242; outline-width: 0px; border-radius: 0px; box-sizing: border-box; font-size: 16px;">\r\n<div class="flex" style="margin: 0px; padding: 0px 0px 15px; font-family: Gilroy, sans-serif; text-decoration-line: none; color: #283242; outline-width: 0px; border-radius: 0px; box-sizing: border-box; font-size: 16px; display: flex; justify-content: space-between; align-items: flex-start; position: relative;"><span class="title" style="margin: 0px; padding: 0px; font-family: Gilroy, sans-serif; text-decoration-line: none; color: #8e939b; outline-width: 0px; border-radius: 0px; box-sizing: border-box; font-size: 16px; line-height: 22.4px; display: block; width: 322.5px;">Видеокарта</span><span class="info" style="margin: 0px; padding: 0px; font-family: Gilroy, sans-serif; text-decoration-line: none; color: #283242; outline-width: 0px; border-radius: 0px; box-sizing: border-box; font-size: 16px; line-height: 22.4px; display: block; width: 322.5px; text-align: left;">Apple M4 10-core</span></div>\r\n<div class="flex" style="margin: 0px; padding: 0px 0px 15px; font-family: Gilroy, sans-serif; text-decoration-line: none; color: #283242; outline-width: 0px; border-radius: 0px; box-sizing: border-box; font-size: 16px; display: flex; justify-content: space-between; align-items: flex-start; position: relative;"><span class="title" style="margin: 0px; padding: 0px; font-family: Gilroy, sans-serif; text-decoration-line: none; color: #8e939b; outline-width: 0px; border-radius: 0px; box-sizing: border-box; font-size: 16px; line-height: 22.4px; display: block; width: 322.5px;">Тип видеокарты</span><span class="info" style="margin: 0px; padding: 0px; font-family: Gilroy, sans-serif; text-decoration-line: none; color: #283242; outline-width: 0px; border-radius: 0px; box-sizing: border-box; font-size: 16px; line-height: 22.4px; display: block; width: 322.5px; text-align: left;">Интегрированная</span></div>\r\n</div>\r\n</div>\r\n<div class="configuration-item" style="margin: 0px; padding: 0px 0px 15px; font-family: Gilroy, sans-serif; text-decoration-line: none; color: #283242; outline-width: 0px; border-radius: 0px; box-sizing: border-box; font-size: 16px; text-align: left; white-space: normal;">\r\n<div class="configuration-item-row-title" style="margin: 0px; padding: 0px; font-family: Gilroy, sans-serif; text-decoration-line: none; color: #283242; outline-width: 0px; border-radius: 0px; box-sizing: border-box; font-size: 16px;"><span style="margin: 0px; padding: 0px 0px 18px; font-family: Gilroy, sans-serif; font-weight: 500; text-decoration-line: none; color: #283242; outline-width: 0px; border-radius: 0px; box-sizing: border-box; font-size: 20px; line-height: 24px; display: block;">Встроенное оборудование</span></div>\r\n<div class="configuration-item-row-detail" style="margin: 0px; padding: 0px 0px 10px; font-family: Gilroy, sans-serif; text-decoration-line: none; color: #283242; outline-width: 0px; border-radius: 0px; box-sizing: border-box; font-size: 16px;">\r\n<div class="flex" style="margin: 0px; padding: 0px 0px 15px; font-family: Gilroy, sans-serif; text-decoration-line: none; color: #283242; outline-width: 0px; border-radius: 0px; box-sizing: border-box; font-size: 16px; display: flex; justify-content: space-between; align-items: flex-start; position: relative;"><span class="title" style="margin: 0px; padding: 0px; font-family: Gilroy, sans-serif; text-decoration-line: none; color: #8e939b; outline-width: 0px; border-radius: 0px; box-sizing: border-box; font-size: 16px; line-height: 22.4px; display: block; width: 322.5px;">Поддержка Wi-Fi</span><span class="info" style="margin: 0px; padding: 0px; font-family: Gilroy, sans-serif; text-decoration-line: none; color: #283242; outline-width: 0px; border-radius: 0px; box-sizing: border-box; font-size: 16px; line-height: 22.4px; display: block; width: 322.5px; text-align: left;">Wi-Fi 6E (802.11 a/b/g/n/ac/ax)</span></div>\r\n<div class="flex" style="margin: 0px; padding: 0px 0px 15px; font-family: Gilroy, sans-serif; text-decoration-line: none; color: #283242; outline-width: 0px; border-radius: 0px; box-sizing: border-box; font-size: 16px; display: flex; justify-content: space-between; align-items: flex-start; position: relative;"><span class="title" style="margin: 0px; padding: 0px; font-family: Gilroy, sans-serif; text-decoration-line: none; color: #8e939b; outline-width: 0px; border-radius: 0px; box-sizing: border-box; font-size: 16px; line-height: 22.4px; display: block; width: 322.5px;">Bluetooth</span><span class="info" style="margin: 0px; padding: 0px; font-family: Gilroy, sans-serif; text-decoration-line: none; color: #283242; outline-width: 0px; border-radius: 0px; box-sizing: border-box; font-size: 16px; line-height: 22.4px; display: block; width: 322.5px; text-align: left;">5.3</span></div>\r\n<div class="flex" style="margin: 0px; padding: 0px 0px 15px; font-family: Gilroy, sans-serif; text-decoration-line: none; color: #283242; outline-width: 0px; border-radius: 0px; box-sizing: border-box; font-size: 16px; display: flex; justify-content: space-between; align-items: flex-start; position: relative;"><span class="title" style="margin: 0px; padding: 0px; font-family: Gilroy, sans-serif; text-decoration-line: none; color: #8e939b; outline-width: 0px; border-radius: 0px; box-sizing: border-box; font-size: 16px; line-height: 22.4px; display: block; width: 322.5px;">Встроенные динамики</span><span class="info" style="margin: 0px; padding: 0px; font-family: Gilroy, sans-serif; text-decoration-line: none; color: #283242; outline-width: 0px; border-radius: 0px; box-sizing: border-box; font-size: 16px; line-height: 22.4px; display: block; width: 322.5px; text-align: left;">Есть</span></div>\r\n<div class="flex" style="margin: 0px; padding: 0px 0px 15px; font-family: Gilroy, sans-serif; text-decoration-line: none; color: #283242; outline-width: 0px; border-radius: 0px; box-sizing: border-box; font-size: 16px; display: flex; justify-content: space-between; align-items: flex-start; position: relative;"><span class="title" style="margin: 0px; padding: 0px; font-family: Gilroy, sans-serif; text-decoration-line: none; color: #8e939b; outline-width: 0px; border-radius: 0px; box-sizing: border-box; font-size: 16px; line-height: 22.4px; display: block; width: 322.5px;">Микрофон</span><span class="info" style="margin: 0px; padding: 0px; font-family: Gilroy, sans-serif; text-decoration-line: none; color: #283242; outline-width: 0px; border-radius: 0px; box-sizing: border-box; font-size: 16px; line-height: 22.4px; display: block; width: 322.5px; text-align: left;">Есть</span></div>\r\n<div class="flex" style="margin: 0px; padding: 0px 0px 15px; font-family: Gilroy, sans-serif; text-decoration-line: none; color: #283242; outline-width: 0px; border-radius: 0px; box-sizing: border-box; font-size: 16px; display: flex; justify-content: space-between; align-items: flex-start; position: relative;"><span class="title" style="margin: 0px; padding: 0px; font-family: Gilroy, sans-serif; text-decoration-line: none; color: #8e939b; outline-width: 0px; border-radius: 0px; box-sizing: border-box; font-size: 16px; line-height: 22.4px; display: block; width: 322.5px;">Web-камера</span><span class="info" style="margin: 0px; padding: 0px; font-family: Gilroy, sans-serif; text-decoration-line: none; color: #283242; outline-width: 0px; border-radius: 0px; box-sizing: border-box; font-size: 16px; line-height: 22.4px; display: block; width: 322.5px; text-align: left;">12 МП</span></div>\r\n</div>\r\n</div>\r\n<div class="configuration-item" style="margin: 0px; padding: 0px 0px 15px; font-family: Gilroy, sans-serif; text-decoration-line: none; color: #283242; outline-width: 0px; border-radius: 0px; box-sizing: border-box; font-size: 16px; text-align: left; white-space: normal;">\r\n<div class="configuration-item-row-title" style="margin: 0px; padding: 0px; font-family: Gilroy, sans-serif; text-decoration-line: none; color: #283242; outline-width: 0px; border-radius: 0px; box-sizing: border-box; font-size: 16px;"><span style="margin: 0px; padding: 0px 0px 18px; font-family: Gilroy, sans-serif; font-weight: 500; text-decoration-line: none; color: #283242; outline-width: 0px; border-radius: 0px; box-sizing: border-box; font-size: 20px; line-height: 24px; display: block;">Интерфейсы</span></div>\r\n<div class="configuration-item-row-detail" style="margin: 0px; padding: 0px 0px 10px; font-family: Gilroy, sans-serif; text-decoration-line: none; color: #283242; outline-width: 0px; border-radius: 0px; box-sizing: border-box; font-size: 16px;">\r\n<div class="flex" style="margin: 0px; padding: 0px 0px 15px; font-family: Gilroy, sans-serif; text-decoration-line: none; color: #283242; outline-width: 0px; border-radius: 0px; box-sizing: border-box; font-size: 16px; display: flex; justify-content: space-between; align-items: flex-start; position: relative;"><span class="title" style="margin: 0px; padding: 0px; font-family: Gilroy, sans-serif; text-decoration-line: none; color: #8e939b; outline-width: 0px; border-radius: 0px; box-sizing: border-box; font-size: 16px; line-height: 22.4px; display: block; width: 322.5px;">Слот для карты памяти</span><span class="info" style="margin: 0px; padding: 0px; font-family: Gilroy, sans-serif; text-decoration-line: none; color: #283242; outline-width: 0px; border-radius: 0px; box-sizing: border-box; font-size: 16px; line-height: 22.4px; display: block; width: 322.5px; text-align: left;">Нет</span></div>\r\n<div class="flex" style="margin: 0px; padding: 0px 0px 15px; font-family: Gilroy, sans-serif; text-decoration-line: none; color: #283242; outline-width: 0px; border-radius: 0px; box-sizing: border-box; font-size: 16px; display: flex; justify-content: space-between; align-items: flex-start; position: relative;"><span class="title" style="margin: 0px; padding: 0px; font-family: Gilroy, sans-serif; text-decoration-line: none; color: #8e939b; outline-width: 0px; border-radius: 0px; box-sizing: border-box; font-size: 16px; line-height: 22.4px; display: block; width: 322.5px;">Разъемы</span><span class="info" style="margin: 0px; padding: 0px; font-family: Gilroy, sans-serif; text-decoration-line: none; color: #283242; outline-width: 0px; border-radius: 0px; box-sizing: border-box; font-size: 16px; line-height: 22.4px; display: block; width: 322.5px; text-align: left;">2 &times; USB Type - C / Mini Jack 3.5 mm (Микрофон / Аудио)</span></div>\r\n</div>\r\n</div>\r\n<div class="configuration-item" style="margin: 0px; padding: 0px 0px 15px; font-family: Gilroy, sans-serif; text-decoration-line: none; color: #283242; outline-width: 0px; border-radius: 0px; box-sizing: border-box; font-size: 16px; text-align: left; white-space: normal;">\r\n<div class="configuration-item-row-title" style="margin: 0px; padding: 0px; font-family: Gilroy, sans-serif; text-decoration-line: none; color: #283242; outline-width: 0px; border-radius: 0px; box-sizing: border-box; font-size: 16px;"><span style="margin: 0px; padding: 0px 0px 18px; font-family: Gilroy, sans-serif; font-weight: 500; text-decoration-line: none; color: #283242; outline-width: 0px; border-radius: 0px; box-sizing: border-box; font-size: 20px; line-height: 24px; display: block;">Питание</span></div>\r\n<div class="configuration-item-row-detail" style="margin: 0px; padding: 0px 0px 10px; font-family: Gilroy, sans-serif; text-decoration-line: none; color: #283242; outline-width: 0px; border-radius: 0px; box-sizing: border-box; font-size: 16px;">\r\n<div class="flex" style="margin: 0px; padding: 0px 0px 15px; font-family: Gilroy, sans-serif; text-decoration-line: none; color: #283242; outline-width: 0px; border-radius: 0px; box-sizing: border-box; font-size: 16px; display: flex; justify-content: space-between; align-items: flex-start; position: relative;"><span class="title" style="margin: 0px; padding: 0px; font-family: Gilroy, sans-serif; text-decoration-line: none; color: #8e939b; outline-width: 0px; border-radius: 0px; box-sizing: border-box; font-size: 16px; line-height: 22.4px; display: block; width: 322.5px;">Емкость аккумулятора</span><span class="info" style="margin: 0px; padding: 0px; font-family: Gilroy, sans-serif; text-decoration-line: none; color: #283242; outline-width: 0px; border-radius: 0px; box-sizing: border-box; font-size: 16px; line-height: 22.4px; display: block; width: 322.5px; text-align: left;">58 Вт*ч</span></div>\r\n<div class="flex" style="margin: 0px; padding: 0px 0px 15px; font-family: Gilroy, sans-serif; text-decoration-line: none; color: #283242; outline-width: 0px; border-radius: 0px; box-sizing: border-box; font-size: 16px; display: flex; justify-content: space-between; align-items: flex-start; position: relative;"><span class="title" style="margin: 0px; padding: 0px; font-family: Gilroy, sans-serif; text-decoration-line: none; color: #8e939b; outline-width: 0px; border-radius: 0px; box-sizing: border-box; font-size: 16px; line-height: 22.4px; display: block; width: 322.5px;">Тип аккумулятора</span><span class="info" style="margin: 0px; padding: 0px; font-family: Gilroy, sans-serif; text-decoration-line: none; color: #283242; outline-width: 0px; border-radius: 0px; box-sizing: border-box; font-size: 16px; line-height: 22.4px; display: block; width: 322.5px; text-align: left;">Li-Pol</span></div>\r\n</div>\r\n</div>\r\n<div class="configuration-item" style="margin: 0px; padding: 0px 0px 15px; font-family: Gilroy, sans-serif; text-decoration-line: none; color: #283242; outline-width: 0px; border-radius: 0px; box-sizing: border-box; font-size: 16px; text-align: left; white-space: normal;">\r\n<div class="configuration-item-row-title" style="margin: 0px; padding: 0px; font-family: Gilroy, sans-serif; text-decoration-line: none; color: #283242; outline-width: 0px; border-radius: 0px; box-sizing: border-box; font-size: 16px;"><span style="margin: 0px; padding: 0px 0px 18px; font-family: Gilroy, sans-serif; font-weight: 500; text-decoration-line: none; color: #283242; outline-width: 0px; border-radius: 0px; box-sizing: border-box; font-size: 20px; line-height: 24px; display: block;">Корпус</span></div>\r\n<div class="configuration-item-row-detail" style="margin: 0px; padding: 0px 0px 10px; font-family: Gilroy, sans-serif; text-decoration-line: none; color: #283242; outline-width: 0px; border-radius: 0px; box-sizing: border-box; font-size: 16px;">\r\n<div class="flex" style="margin: 0px; padding: 0px 0px 15px; font-family: Gilroy, sans-serif; text-decoration-line: none; color: #283242; outline-width: 0px; border-radius: 0px; box-sizing: border-box; font-size: 16px; display: flex; justify-content: space-between; align-items: flex-start; position: relative;"><span class="title" style="margin: 0px; padding: 0px; font-family: Gilroy, sans-serif; text-decoration-line: none; color: #8e939b; outline-width: 0px; border-radius: 0px; box-sizing: border-box; font-size: 16px; line-height: 22.4px; display: block; width: 322.5px;">Материал корпуса</span><span class="info" style="margin: 0px; padding: 0px; font-family: Gilroy, sans-serif; text-decoration-line: none; color: #283242; outline-width: 0px; border-radius: 0px; box-sizing: border-box; font-size: 16px; line-height: 22.4px; display: block; width: 322.5px; text-align: left;">Алюминий</span></div>\r\n</div>\r\n</div>\r\n<div class="configuration-item" style="margin: 0px; padding: 0px 0px 15px; font-family: Gilroy, sans-serif; text-decoration-line: none; color: #283242; outline-width: 0px; border-radius: 0px; box-sizing: border-box; font-size: 16px; text-align: left; white-space: normal;">\r\n<div class="configuration-item-row-title" style="margin: 0px; padding: 0px; font-family: Gilroy, sans-serif; text-decoration-line: none; color: #283242; outline-width: 0px; border-radius: 0px; box-sizing: border-box; font-size: 16px;"><span style="margin: 0px; padding: 0px 0px 18px; font-family: Gilroy, sans-serif; font-weight: 500; text-decoration-line: none; color: #283242; outline-width: 0px; border-radius: 0px; box-sizing: border-box; font-size: 20px; line-height: 24px; display: block;">Габариты и вес</span></div>\r\n<div class="configuration-item-row-detail" style="margin: 0px; padding: 0px 0px 10px; font-family: Gilroy, sans-serif; text-decoration-line: none; color: #283242; outline-width: 0px; border-radius: 0px; box-sizing: border-box; font-size: 16px;">\r\n<div class="flex" style="margin: 0px; padding: 0px 0px 15px; font-family: Gilroy, sans-serif; text-decoration-line: none; color: #283242; outline-width: 0px; border-radius: 0px; box-sizing: border-box; font-size: 16px; display: flex; justify-content: space-between; align-items: flex-start; position: relative;"><span class="title" style="margin: 0px; padding: 0px; font-family: Gilroy, sans-serif; text-decoration-line: none; color: #8e939b; outline-width: 0px; border-radius: 0px; box-sizing: border-box; font-size: 16px; line-height: 22.4px; display: block; width: 322.5px;">Вес</span><span class="info" style="margin: 0px; padding: 0px; font-family: Gilroy, sans-serif; text-decoration-line: none; color: #283242; outline-width: 0px; border-radius: 0px; box-sizing: border-box; font-size: 16px; line-height: 22.4px; display: block; width: 322.5px; text-align: left;">1.24 кг</span></div>\r\n<div class="flex" style="margin: 0px; padding: 0px 0px 15px; font-family: Gilroy, sans-serif; text-decoration-line: none; color: #283242; outline-width: 0px; border-radius: 0px; box-sizing: border-box; font-size: 16px; display: flex; justify-content: space-between; align-items: flex-start; position: relative;"><span class="title" style="margin: 0px; padding: 0px; font-family: Gilroy, sans-serif; text-decoration-line: none; color: #8e939b; outline-width: 0px; border-radius: 0px; box-sizing: border-box; font-size: 16px; line-height: 22.4px; display: block; width: 322.5px;">Ширина</span><span class="info" style="margin: 0px; padding: 0px; font-family: Gilroy, sans-serif; text-decoration-line: none; color: #283242; outline-width: 0px; border-radius: 0px; box-sizing: border-box; font-size: 16px; line-height: 22.4px; display: block; width: 322.5px; text-align: left;">30.41 см</span></div>\r\n<div class="flex" style="margin: 0px; padding: 0px 0px 15px; font-family: Gilroy, sans-serif; text-decoration-line: none; color: #283242; outline-width: 0px; border-radius: 0px; box-sizing: border-box; font-size: 16px; display: flex; justify-content: space-between; align-items: flex-start; position: relative;"><span class="title" style="margin: 0px; padding: 0px; font-family: Gilroy, sans-serif; text-decoration-line: none; color: #8e939b; outline-width: 0px; border-radius: 0px; box-sizing: border-box; font-size: 16px; line-height: 22.4px; display: block; width: 322.5px;">Высота</span><span class="info" style="margin: 0px; padding: 0px; font-family: Gilroy, sans-serif; text-decoration-line: none; color: #283242; outline-width: 0px; border-radius: 0px; box-sizing: border-box; font-size: 16px; line-height: 22.4px; display: block; width: 322.5px; text-align: left;">1.13 см</span></div>\r\n<div class="flex" style="margin: 0px; padding: 0px 0px 15px; font-family: Gilroy, sans-serif; text-decoration-line: none; color: #283242; outline-width: 0px; border-radius: 0px; box-sizing: border-box; font-size: 16px; display: flex; justify-content: space-between; align-items: flex-start; position: relative;"><span class="title" style="margin: 0px; padding: 0px; font-family: Gilroy, sans-serif; text-decoration-line: none; color: #8e939b; outline-width: 0px; border-radius: 0px; box-sizing: border-box; font-size: 16px; line-height: 22.4px; display: block; width: 322.5px;">Глубина</span><span class="info" style="margin: 0px; padding: 0px; font-family: Gilroy, sans-serif; text-decoration-line: none; color: #283242; outline-width: 0px; border-radius: 0px; box-sizing: border-box; font-size: 16px; line-height: 22.4px; display: block; width: 322.5px; text-align: left;">21.5 см</span></div>\r\n</div>\r\n</div>\r\n<div class="configuration-item" style="margin: 0px; padding: 0px 0px 15px; font-family: Gilroy, sans-serif; text-decoration-line: none; color: #283242; outline-width: 0px; border-radius: 0px; box-sizing: border-box; font-size: 16px; text-align: left; white-space: normal;">\r\n<div class="configuration-item-row-title" style="margin: 0px; padding: 0px; font-family: Gilroy, sans-serif; text-decoration-line: none; color: #283242; outline-width: 0px; border-radius: 0px; box-sizing: border-box; font-size: 16px;"><span style="margin: 0px; padding: 0px 0px 18px; font-family: Gilroy, sans-serif; font-weight: 500; text-decoration-line: none; color: #283242; outline-width: 0px; border-radius: 0px; box-sizing: border-box; font-size: 20px; line-height: 24px; display: block;">Служебная информация</span></div>\r\n<div class="configuration-item-row-detail" style="margin: 0px; padding: 0px 0px 10px; font-family: Gilroy, sans-serif; text-decoration-line: none; color: #283242; outline-width: 0px; border-radius: 0px; box-sizing: border-box; font-size: 16px;">\r\n<div class="flex" style="margin: 0px; padding: 0px 0px 15px; font-family: Gilroy, sans-serif; text-decoration-line: none; color: #283242; outline-width: 0px; border-radius: 0px; box-sizing: border-box; font-size: 16px; display: flex; justify-content: space-between; align-items: flex-start; position: relative;"><span class="title" style="margin: 0px; padding: 0px; font-family: Gilroy, sans-serif; text-decoration-line: none; color: #8e939b; outline-width: 0px; border-radius: 0px; box-sizing: border-box; font-size: 16px; line-height: 22.4px; display: block; width: 322.5px;">Производитель</span><span class="info" style="margin: 0px; padding: 0px; font-family: Gilroy, sans-serif; text-decoration-line: none; color: #283242; outline-width: 0px; border-radius: 0px; box-sizing: border-box; font-size: 16px; line-height: 22.4px; display: block; width: 322.5px; text-align: left;">Apple</span></div>\r\n<div class="flex" style="margin: 0px; padding: 0px 0px 15px; font-family: Gilroy, sans-serif; text-decoration-line: none; color: #283242; outline-width: 0px; border-radius: 0px; box-sizing: border-box; font-size: 16px; display: flex; justify-content: space-between; align-items: flex-start; position: relative;"><span class="title" style="margin: 0px; padding: 0px; font-family: Gilroy, sans-serif; text-decoration-line: none; color: #8e939b; outline-width: 0px; border-radius: 0px; box-sizing: border-box; font-size: 16px; line-height: 22.4px; display: block; width: 322.5px;">Гарантия</span><span class="info" style="margin: 0px; padding: 0px; font-family: Gilroy, sans-serif; text-decoration-line: none; color: #283242; outline-width: 0px; border-radius: 0px; box-sizing: border-box; font-size: 16px; line-height: 22.4px; display: block; width: 322.5px; text-align: left;">1 год</span></div>\r\n<div class="flex" style="margin: 0px; padding: 0px 0px 15px; font-family: Gilroy, sans-serif; text-decoration-line: none; color: #283242; outline-width: 0px; border-radius: 0px; box-sizing: border-box; font-size: 16px; display: flex; justify-content: space-between; align-items: flex-start; position: relative;"><span class="title" style="margin: 0px; padding: 0px; font-family: Gilroy, sans-serif; text-decoration-line: none; color: #8e939b; outline-width: 0px; border-radius: 0px; box-sizing: border-box; font-size: 16px; line-height: 22.4px; display: block; width: 322.5px;">Цвет</span><span class="info" style="margin: 0px; padding: 0px; font-family: Gilroy, sans-serif; text-decoration-line: none; color: #283242; outline-width: 0px; border-radius: 0px; box-sizing: border-box; font-size: 16px; line-height: 22.4px; display: block; width: 322.5px; text-align: left;">Серебристый</span></div>\r\n<div class="flex" style="margin: 0px; padding: 0px 0px 15px; font-family: Gilroy, sans-serif; text-decoration-line: none; color: #283242; outline-width: 0px; border-radius: 0px; box-sizing: border-box; font-size: 16px; display: flex; justify-content: space-between; align-items: flex-start; position: relative;"><span class="title" style="margin: 0px; padding: 0px; font-family: Gilroy, sans-serif; text-decoration-line: none; color: #8e939b; outline-width: 0px; border-radius: 0px; box-sizing: border-box; font-size: 16px; line-height: 22.4px; display: block; width: 322.5px;">Страна происхождения</span><span class="info" style="margin: 0px; padding: 0px; font-family: Gilroy, sans-serif; text-decoration-line: none; color: #283242; outline-width: 0px; border-radius: 0px; box-sizing: border-box; font-size: 16px; line-height: 22.4px; display: block; width: 322.5px; text-align: left;">Китай</span></div>\r\n</div>\r\n</div>
\.


--
-- Data for Name: digital_store_productcart; Type: TABLE DATA; Schema: public; Owner: myuser
--

COPY public.digital_store_productcart (id, quantity, added_at, updated_at, cart_id, product_id) FROM stdin;
\.


--
-- Data for Name: digital_store_productimage; Type: TABLE DATA; Schema: public; Owner: myuser
--

COPY public.digital_store_productimage (id, image, product_id) FROM stdin;
1	products/smartfon-apple-iphone-17-pro-256gb-silver-mg8g4af-a.jpg	1
2	products/smartfon-apple-iphone-17-pro-256gb-silver-mg8g4af-a-1.jpg	1
3	products/smartfon-apple-iphone-17-pro-256gb-silver-mg8g4af-a-2.jpg	1
4	products/smartfon-samsung-galaxy-s26-5g-sm-s947b-ds-256gb-black.jpg	10
5	products/smartfon-samsung-galaxy-s26-5g-sm-s947b-ds-256gb-black-1.jpg	10
6	products/smartfon-samsung-galaxy-s26-5g-sm-s947b-ds-256gb-black-4.jpg	10
7	products/smartfon-samsung-galaxy-s26-5g-sm-s947b-ds-256gb-black-7.jpg	10
8	products/fen-panasonic-eh-ne66-k865.jpg	9
9	products/fen-panasonic-eh-ne66-k865-1.jpg	9
10	products/fen-panasonic-eh-ne66-k865-2.jpg	9
11	products/fen-panasonic-eh-ne66-k865-3.jpg	9
12	products/konditsioner-samsung-ar12tsgyawku.png	8
13	products/konditsioner-samsung-ar12tsgyawku-1.jpg	8
14	products/konditsioner-samsung-ar12tsgyawku-3.png	8
15	products/konditsioner-samsung-ar12tsgyawku-4.png	8
16	products/stiralnaya-mashina-lg-tw4v9ew9p.jpg	7
17	products/stiralnaya-mashina-lg-tw4v9ew9p-1.jpg	7
18	products/stiralnaya-mashina-lg-tw4v9ew9p-5.jpg	7
19	products/stiralnaya-mashina-lg-tw4v9ew9p-8.jpg	7
20	products/kholodilnik-midea-mdrb524mge46odm-.jpg	6
21	products/kholodilnik-midea-mdrb524mge46odm--1.jpg	6
22	products/kholodilnik-midea-mdrb524mge46odm--3.png	6
23	products/kholodilnik-midea-mdrb524mge46odm--5.png	6
24	products/televizor-samsung-ue43u8001fuxuz.png	5
25	products/televizor-samsung-ue43u8001fuxuz-1.png	5
26	products/televizor-samsung-ue43u8001fuxuz-2.png	5
27	products/televizor-samsung-ue43u8001fuxuz-3.png	5
28	products/noutbuk-apple-macbook-air-13-m4-256gb-silver-mw0w3ru-a.jpg	4
29	products/noutbuk-apple-macbook-air-13-m4-256gb-silver-mw0w3ru-a-1.jpg	4
30	products/noutbuk-apple-macbook-air-13-m4-256gb-silver-mw0w3ru-a-2.jpg	4
31	products/noutbuk-apple-macbook-air-13-m4-256gb-silver-mw0w3ru-a-3.jpg	4
\.


--
-- Data for Name: digital_store_productorder; Type: TABLE DATA; Schema: public; Owner: myuser
--

COPY public.digital_store_productorder (id, quantity, created_at, order_id, product_id) FROM stdin;
8	1	2026-05-12 11:44:52.410705+00	3	6
9	2	2026-05-12 11:44:52.415535+00	3	5
10	2	2026-05-12 11:44:52.425712+00	3	10
11	2	2026-05-12 11:44:52.428145+00	3	8
12	2	2026-05-12 11:44:52.428145+00	3	9
13	2	2026-05-12 11:44:52.428145+00	3	7
14	1	2026-05-12 11:44:52.439854+00	3	1
15	1	2026-05-12 11:45:34.816575+00	4	6
16	2	2026-05-12 11:45:34.824651+00	4	5
17	2	2026-05-12 11:45:34.833022+00	4	10
18	2	2026-05-12 11:45:34.833022+00	4	8
19	2	2026-05-12 11:45:34.833022+00	4	9
20	2	2026-05-12 11:45:34.84265+00	4	7
21	1	2026-05-12 11:45:34.845673+00	4	1
22	1	2026-05-12 11:50:01.198363+00	5	6
23	2	2026-05-12 11:50:01.200831+00	5	5
24	2	2026-05-12 11:50:01.200831+00	5	10
25	2	2026-05-12 11:50:01.200831+00	5	8
26	2	2026-05-12 11:50:01.212755+00	5	9
27	2	2026-05-12 11:50:01.216074+00	5	7
28	1	2026-05-12 11:50:01.216883+00	5	1
29	1	2026-05-12 12:26:28.298613+00	6	4
30	1	2026-05-12 12:32:28.436861+00	7	4
31	1	2026-05-12 12:33:51.454715+00	8	4
32	1	2026-05-12 12:37:03.876343+00	9	4
33	1	2026-05-12 12:39:35.887851+00	10	4
34	1	2026-05-12 12:40:04.06369+00	11	4
35	1	2026-05-12 12:40:06.762305+00	12	4
59	1	2026-05-13 12:05:42.377408+00	38	10
60	1	2026-05-13 12:25:55.568289+00	44	8
61	1	2026-05-13 12:54:59.501565+00	45	1
62	1	2026-05-13 12:59:26.086361+00	49	1
63	1	2026-05-13 12:59:26.091648+00	49	10
64	1	2026-05-14 11:55:21.751833+00	50	4
65	1	2026-05-14 12:54:01.073633+00	51	1
66	1	2026-05-14 12:56:11.055243+00	52	1
67	1	2026-05-14 13:00:34.571173+00	53	4
68	1	2026-05-14 13:17:45.884129+00	54	4
69	1	2026-05-14 13:20:23.213121+00	55	10
70	1	2026-05-14 13:22:16.42152+00	58	10
71	1	2026-05-15 11:20:14.024426+00	63	5
\.


--
-- Data for Name: digital_store_profileuser; Type: TABLE DATA; Schema: public; Owner: myuser
--

COPY public.digital_store_profileuser (id, image, created_at, user_id) FROM stdin;
3		2026-05-01 09:23:08.370053+00	11
6	https://i.pinimg.com/originals/5f/91/41/5f91413c8a9e766a5139c6cfe5caa837.jpg	2026-05-01 10:53:13.856121+00	2
7	profile/Снимок_экрана_2026-04-30_161741_Mc3iOGv.png	2026-05-01 11:01:33.959385+00	12
4	profile/WIN_20250220_15_51_42_Pro_bQRhPAM.jpg	2026-05-01 09:26:33.732726+00	1
8		2026-05-04 11:18:45.453522+00	7
\.


--
-- Data for Name: django_admin_log; Type: TABLE DATA; Schema: public; Owner: myuser
--

COPY public.django_admin_log (id, action_time, object_id, object_repr, action_flag, change_message, content_type_id, user_id) FROM stdin;
1	2026-04-14 13:52:32.794779+00	1	Смартфон Apple iPhone 17 Pro 256GB Silver	2	[{"changed": {"fields": ["\\u041a\\u043e\\u043b\\u0438\\u0447\\u0435\\u0441\\u0442\\u0432\\u0430 \\u0442\\u043e\\u0432\\u0430\\u0440\\u0430"]}}]	9	1
2	2026-04-17 14:38:39.828245+00	2	Alex	1	[{"added": {}}]	4	1
3	2026-04-20 12:49:24.029467+00	29	Midea	1	[{"added": {}}]	8	1
4	2026-04-20 12:50:18.918177+00	29	Midea	3		8	1
5	2026-04-20 12:51:24.756742+00	7	Midea	1	[{"added": {}}]	7	1
6	2026-04-20 12:51:49.275673+00	6	Холодильник Midea MDRB524MGE46ODM	1	[{"added": {}}]	9	1
7	2026-04-20 12:54:22.042448+00	7	Стиральная машина LG TW4V9EW9P	1	[{"added": {}}]	9	1
8	2026-04-20 12:59:33.826852+00	8	Кондиционер Samsung AR12TSGYAWKU	1	[{"added": {}}]	9	1
9	2026-04-20 13:03:38.011851+00	8	Panasonic	1	[{"added": {}}]	7	1
10	2026-04-20 13:03:44.53025+00	9	Фен Panasonic EH-NE66-K865	1	[{"added": {}}]	9	1
11	2026-04-20 13:22:06.353173+00	10	Смартфон SAMSUNG Galaxy S26+ 5G SM-S947B/DS (256GB) Black	1	[{"added": {}}]	9	1
12	2026-04-20 13:29:14.951984+00	1	Смартфон Apple iPhone 17 Pro 256GB Silver	2	[{"added": {"name": "product image", "object": "ProductImage object (1)"}}, {"added": {"name": "product image", "object": "ProductImage object (2)"}}, {"added": {"name": "product image", "object": "ProductImage object (3)"}}]	9	1
13	2026-04-20 14:24:38.84354+00	1	Смартфон Apple iPhone 17 Pro 256GB Silver	2	[]	9	1
14	2026-04-22 13:11:15.748359+00	10	Смартфон SAMSUNG Galaxy S26+ 5G SM-S947B/DS (256GB) Black	2	[{"added": {"name": "product image", "object": "ProductImage object (4)"}}, {"added": {"name": "product image", "object": "ProductImage object (5)"}}, {"added": {"name": "product image", "object": "ProductImage object (6)"}}, {"added": {"name": "product image", "object": "ProductImage object (7)"}}]	9	1
15	2026-04-22 13:12:29.396556+00	9	Фен Panasonic EH-NE66-K865	2	[{"added": {"name": "product image", "object": "ProductImage object (8)"}}, {"added": {"name": "product image", "object": "ProductImage object (9)"}}, {"added": {"name": "product image", "object": "ProductImage object (10)"}}, {"added": {"name": "product image", "object": "ProductImage object (11)"}}]	9	1
16	2026-04-22 13:14:05.572928+00	8	Кондиционер Samsung AR12TSGYAWKU	2	[{"added": {"name": "product image", "object": "ProductImage object (12)"}}, {"added": {"name": "product image", "object": "ProductImage object (13)"}}, {"added": {"name": "product image", "object": "ProductImage object (14)"}}, {"added": {"name": "product image", "object": "ProductImage object (15)"}}]	9	1
17	2026-04-22 13:36:21.223198+00	7	Стиральная машина LG TW4V9EW9P	2	[{"added": {"name": "product image", "object": "ProductImage object (16)"}}, {"added": {"name": "product image", "object": "ProductImage object (17)"}}, {"added": {"name": "product image", "object": "ProductImage object (18)"}}, {"added": {"name": "product image", "object": "ProductImage object (19)"}}]	9	1
18	2026-04-22 13:39:03.643018+00	6	Холодильник Midea MDRB524MGE46ODM	2	[{"added": {"name": "product image", "object": "ProductImage object (20)"}}, {"added": {"name": "product image", "object": "ProductImage object (21)"}}, {"added": {"name": "product image", "object": "ProductImage object (22)"}}, {"added": {"name": "product image", "object": "ProductImage object (23)"}}]	9	1
19	2026-04-22 13:43:54.833604+00	5	Телевизор Samsung UE65U8000FUXUZ	2	[{"changed": {"fields": ["\\u041d\\u0430\\u0437\\u0432\\u0430\\u043d\\u0438\\u0435 \\u0442\\u043e\\u0432\\u0430\\u0440\\u0430", "\\u0421\\u043b\\u0430\\u0433 \\u0442\\u043e\\u0432\\u0430\\u0440\\u0430", "\\u041e\\u043f\\u0438\\u0441\\u0430\\u043d\\u0438\\u0435 \\u0442\\u043e\\u0432\\u0430\\u0440\\u0430", "\\u0426\\u0435\\u043d\\u0430 \\u0442\\u043e\\u0432\\u0430\\u0440\\u0430"]}}]	9	1
20	2026-04-22 13:44:06.197921+00	5	Телевизор Samsung UE65U8000FUXUZ	2	[]	9	1
21	2026-04-22 13:44:45.047763+00	5	Телевизор Samsung UE65U8000FUXUZ	2	[{"changed": {"fields": ["\\u041e\\u043f\\u0438\\u0441\\u0430\\u043d\\u0438\\u0435 \\u0442\\u043e\\u0432\\u0430\\u0440\\u0430", "\\u041a\\u043e\\u043b\\u0438\\u0447\\u0435\\u0441\\u0442\\u0432\\u0430 \\u0442\\u043e\\u0432\\u0430\\u0440\\u0430"]}}]	9	1
22	2026-04-22 13:45:44.233511+00	5	Телевизор Samsung UE65U8000FUXUZ	2	[{"added": {"name": "product image", "object": "ProductImage object (24)"}}, {"added": {"name": "product image", "object": "ProductImage object (25)"}}, {"added": {"name": "product image", "object": "ProductImage object (26)"}}, {"added": {"name": "product image", "object": "ProductImage object (27)"}}]	9	1
23	2026-04-22 13:48:07.175216+00	4	Ноутбук Apple MacBook Air 13" M4 256GB Silver	2	[{"changed": {"fields": ["\\u041e\\u043f\\u0438\\u0441\\u0430\\u043d\\u0438\\u0435 \\u0442\\u043e\\u0432\\u0430\\u0440\\u0430"]}}, {"added": {"name": "product image", "object": "ProductImage object (28)"}}, {"added": {"name": "product image", "object": "ProductImage object (29)"}}, {"added": {"name": "product image", "object": "ProductImage object (30)"}}, {"added": {"name": "product image", "object": "ProductImage object (31)"}}]	9	1
24	2026-04-23 12:01:27.885576+00	1	Смартфон Apple iPhone 17 Pro 256GB Silver	2	[{"changed": {"fields": ["Characteristic"]}}]	9	1
25	2026-04-23 12:06:41.712866+00	9	Фен Panasonic EH-NE66-K865	2	[{"changed": {"fields": ["Characteristic"]}}]	9	1
26	2026-04-23 12:07:30.609083+00	8	Кондиционер Samsung AR12TSGYAWKU	2	[{"changed": {"fields": ["Characteristic"]}}]	9	1
27	2026-04-23 12:08:39.543462+00	7	Стиральная машина LG TW4V9EW9P	2	[{"changed": {"fields": ["Characteristic"]}}]	9	1
28	2026-04-23 12:09:34.904755+00	6	Холодильник Midea MDRB524MGE46ODM	2	[{"changed": {"fields": ["Characteristic"]}}]	9	1
29	2026-04-23 12:10:19.609714+00	5	Телевизор Samsung UE65U8000FUXUZ	2	[{"changed": {"fields": ["Characteristic"]}}]	9	1
30	2026-04-23 12:11:14.983878+00	4	Ноутбук Apple MacBook Air 13" M4 256GB Silver	2	[{"changed": {"fields": ["Characteristic"]}}]	9	1
31	2026-04-23 12:12:44.763518+00	10	Смартфон SAMSUNG Galaxy S26+ 5G SM-S947B/DS (256GB) Black	2	[{"changed": {"fields": ["Characteristic"]}}]	9	1
32	2026-04-23 12:28:43.114321+00	1	Смартфон Apple iPhone 17 Pro 256GB Silver	2	[{"changed": {"fields": ["\\u041e\\u043f\\u0438\\u0441\\u0430\\u043d\\u0438\\u0435 \\u0442\\u043e\\u0432\\u0430\\u0440\\u0430"]}}]	9	1
33	2026-04-29 14:26:15.2915+00	1	admin	2	[{"changed": {"fields": ["First name", "Last name", "Email address"]}}]	4	1
34	2026-04-29 14:29:22.165656+00	1	admin	2	[{"changed": {"fields": ["First name"]}}]	4	1
35	2026-04-29 14:30:24.534623+00	1	admin	2	[{"changed": {"fields": ["password"]}}]	4	1
36	2026-04-29 14:30:26.711884+00	1	admin	2	[]	4	1
37	2026-04-30 06:13:09.757403+00	2	Alex	2	[{"changed": {"fields": ["password"]}}]	4	1
38	2026-05-01 09:26:33.732726+00	4	Mirmuhammad	1	[{"added": {}}]	12	1
39	2026-05-01 10:48:47.159568+00	3	amir	2	[]	12	1
40	2026-05-01 10:53:13.856121+00	6		1	[{"added": {}}]	12	1
41	2026-05-01 10:53:23.770377+00	6		2	[]	12	1
42	2026-05-01 10:53:28.752796+00	6		2	[]	12	1
43	2026-05-04 11:18:45.464526+00	8	doni	1	[{"added": {}}]	12	1
44	2026-05-12 13:12:11.753396+00	24	Заказ Пользователя Mirmuhammad, Дата Заказа: 2026-05-12 13:11:22.922458+00:00	3		10	1
45	2026-05-12 13:12:34.276069+00	8	Кондиционер Samsung AR12TSGYAWKU	2	[{"changed": {"fields": ["\\u041a\\u043e\\u043b\\u0438\\u0447\\u0435\\u0441\\u0442\\u0432\\u0430 \\u0442\\u043e\\u0432\\u0430\\u0440\\u0430"]}}]	9	1
46	2026-05-12 13:50:36.176182+00	4	Ноутбук Apple MacBook Air 13" M4 256GB Silver	2	[{"changed": {"fields": ["\\u041e\\u043f\\u0438\\u0441\\u0430\\u043d\\u0438\\u0435 \\u0442\\u043e\\u0432\\u0430\\u0440\\u0430", "Is active"]}}]	9	1
47	2026-05-12 13:50:57.332065+00	4	Ноутбук Apple MacBook Air 13" M4 256GB Silver	2	[{"changed": {"fields": ["Is active"]}}]	9	1
48	2026-05-12 13:53:06.324173+00	4	Ноутбук Apple MacBook Air 13" M4 256GB Silver	2	[{"changed": {"fields": ["\\u0414\\u043e\\u0441\\u0442\\u0443\\u043f\\u043d\\u043e \\u043d\\u0430 \\u0441\\u043a\\u043b\\u0430\\u0434\\u0435"]}}]	9	1
49	2026-05-12 14:02:35.722005+00	4	Ноутбук Apple MacBook Air 13" M4 256GB Silver	2	[{"changed": {"fields": ["\\u0414\\u043e\\u0441\\u0442\\u0443\\u043f\\u043d\\u043e \\u043d\\u0430 \\u0441\\u043a\\u043b\\u0430\\u0434\\u0435"]}}]	9	1
50	2026-05-13 11:19:43.035174+00	2	Заказ Пользователя Mirmuhammad, заказа №: 2, Дата Заказа: 2026-05-12 11:44:44.290730+00:00	3		10	1
51	2026-05-13 11:20:23.863456+00	35	Заказ Пользователя Mirmuhammad, заказа №: 35, Дата Заказа: 2026-05-12 13:29:02.264979+00:00	3		10	1
52	2026-05-13 11:20:23.863456+00	34	Заказ Пользователя Mirmuhammad, заказа №: 34, Дата Заказа: 2026-05-12 13:20:10.686065+00:00	3		10	1
53	2026-05-13 11:20:23.863456+00	33	Заказ Пользователя Mirmuhammad, заказа №: 33, Дата Заказа: 2026-05-12 13:19:33.235594+00:00	3		10	1
54	2026-05-13 11:20:23.863456+00	32	Заказ Пользователя Mirmuhammad, заказа №: 32, Дата Заказа: 2026-05-12 13:19:13.405166+00:00	3		10	1
55	2026-05-13 11:20:23.863456+00	31	Заказ Пользователя Mirmuhammad, заказа №: 31, Дата Заказа: 2026-05-12 13:16:37.378446+00:00	3		10	1
56	2026-05-13 11:20:23.863456+00	30	Заказ Пользователя Mirmuhammad, заказа №: 30, Дата Заказа: 2026-05-12 13:15:07.521782+00:00	3		10	1
57	2026-05-13 11:20:23.863456+00	29	Заказ Пользователя Mirmuhammad, заказа №: 29, Дата Заказа: 2026-05-12 13:15:01.962862+00:00	3		10	1
58	2026-05-13 11:20:23.863456+00	28	Заказ Пользователя Mirmuhammad, заказа №: 28, Дата Заказа: 2026-05-12 13:14:53.381103+00:00	3		10	1
59	2026-05-13 11:20:23.863456+00	27	Заказ Пользователя Mirmuhammad, заказа №: 27, Дата Заказа: 2026-05-12 13:14:14.365674+00:00	3		10	1
60	2026-05-13 11:20:23.863456+00	26	Заказ Пользователя Mirmuhammad, заказа №: 26, Дата Заказа: 2026-05-12 13:13:53.915248+00:00	3		10	1
61	2026-05-13 11:20:23.863456+00	25	Заказ Пользователя Mirmuhammad, заказа №: 25, Дата Заказа: 2026-05-12 13:13:11.851800+00:00	3		10	1
62	2026-05-13 11:20:23.863456+00	23	Заказ Пользователя Mirmuhammad, заказа №: 23, Дата Заказа: 2026-05-12 13:10:07.442345+00:00	3		10	1
63	2026-05-13 11:20:23.863456+00	22	Заказ Пользователя Mirmuhammad, заказа №: 22, Дата Заказа: 2026-05-12 13:03:52.082132+00:00	3		10	1
64	2026-05-13 11:20:23.863456+00	21	Заказ Пользователя Mirmuhammad, заказа №: 21, Дата Заказа: 2026-05-12 13:03:35.887051+00:00	3		10	1
65	2026-05-13 11:20:23.863456+00	20	Заказ Пользователя Mirmuhammad, заказа №: 20, Дата Заказа: 2026-05-12 13:03:33.314532+00:00	3		10	1
66	2026-05-13 11:20:23.863456+00	19	Заказ Пользователя Mirmuhammad, заказа №: 19, Дата Заказа: 2026-05-12 12:51:11.968286+00:00	3		10	1
67	2026-05-13 11:20:23.863456+00	18	Заказ Пользователя Mirmuhammad, заказа №: 18, Дата Заказа: 2026-05-12 12:49:31.292230+00:00	3		10	1
68	2026-05-13 11:20:23.863456+00	17	Заказ Пользователя Mirmuhammad, заказа №: 17, Дата Заказа: 2026-05-12 12:45:34.242713+00:00	3		10	1
69	2026-05-13 11:20:23.863456+00	16	Заказ Пользователя Mirmuhammad, заказа №: 16, Дата Заказа: 2026-05-12 12:45:28.551474+00:00	3		10	1
70	2026-05-13 11:20:23.863456+00	15	Заказ Пользователя Mirmuhammad, заказа №: 15, Дата Заказа: 2026-05-12 12:44:39.286616+00:00	3		10	1
71	2026-05-13 11:20:23.863456+00	14	Заказ Пользователя Mirmuhammad, заказа №: 14, Дата Заказа: 2026-05-12 12:40:26.602372+00:00	3		10	1
72	2026-05-13 11:20:23.863456+00	13	Заказ Пользователя Mirmuhammad, заказа №: 13, Дата Заказа: 2026-05-12 12:40:22.035743+00:00	3		10	1
73	2026-05-13 12:24:34.831519+00	8	Кондиционер Samsung AR12TSGYAWKU	2	[{"changed": {"fields": ["\\u041a\\u043e\\u043b\\u0438\\u0447\\u0435\\u0441\\u0442\\u0432\\u0430 \\u0442\\u043e\\u0432\\u0430\\u0440\\u0430"]}}]	9	1
\.


--
-- Data for Name: django_content_type; Type: TABLE DATA; Schema: public; Owner: myuser
--

COPY public.django_content_type (id, app_label, model) FROM stdin;
1	admin	logentry
2	auth	group
3	auth	permission
4	auth	user
5	contenttypes	contenttype
6	sessions	session
7	digital_store	brand
8	digital_store	category
9	digital_store	product
10	digital_store	order
11	digital_store	productimage
12	digital_store	profileuser
13	digital_store	cart
14	digital_store	productcart
15	digital_store	productorder
16	digital_store	delivery
\.


--
-- Data for Name: django_migrations; Type: TABLE DATA; Schema: public; Owner: myuser
--

COPY public.django_migrations (id, app, name, applied) FROM stdin;
1	contenttypes	0001_initial	2026-04-14 12:43:03.352339+00
2	auth	0001_initial	2026-04-14 12:43:03.413337+00
3	admin	0001_initial	2026-04-14 12:43:03.429371+00
4	admin	0002_logentry_remove_auto_add	2026-04-14 12:43:03.432518+00
5	admin	0003_logentry_add_action_flag_choices	2026-04-14 12:43:03.440427+00
6	contenttypes	0002_remove_content_type_name	2026-04-14 12:43:03.452542+00
7	auth	0002_alter_permission_name_max_length	2026-04-14 12:43:03.452542+00
8	auth	0003_alter_user_email_max_length	2026-04-14 12:43:03.463429+00
9	auth	0004_alter_user_username_opts	2026-04-14 12:43:03.470612+00
10	auth	0005_alter_user_last_login_null	2026-04-14 12:43:03.472161+00
11	auth	0006_require_contenttypes_0002	2026-04-14 12:43:03.477661+00
12	auth	0007_alter_validators_add_error_messages	2026-04-14 12:43:03.484784+00
13	auth	0008_alter_user_username_max_length	2026-04-14 12:43:03.495712+00
14	auth	0009_alter_user_last_name_max_length	2026-04-14 12:43:03.502168+00
15	auth	0010_alter_group_name_max_length	2026-04-14 12:43:03.514504+00
16	auth	0011_update_proxy_permissions	2026-04-14 12:43:03.520147+00
17	auth	0012_alter_user_first_name_max_length	2026-04-14 12:43:03.525805+00
18	sessions	0001_initial	2026-04-14 12:43:03.532293+00
19	digital_store	0001_initial	2026-04-14 12:45:54.462534+00
20	digital_store	0002_alter_brand_slug_alter_category_slug_and_more	2026-04-16 12:36:46.790362+00
21	digital_store	0003_alter_category_icon	2026-04-17 09:59:06.066416+00
22	digital_store	0004_alter_category_icon	2026-04-17 11:42:47.850501+00
23	digital_store	0005_product_description_product_is_active_product_seller_and_more	2026-04-20 07:51:45.432154+00
24	digital_store	0006_alter_product_description	2026-04-20 12:45:47.643229+00
25	digital_store	0007_productimage	2026-04-20 13:20:13.590544+00
26	digital_store	0008_product_characteristic	2026-04-23 11:48:04.206843+00
27	digital_store	0009_alter_product_description	2026-04-24 10:00:23.694692+00
28	digital_store	0010_alter_productimage_options_profileuser	2026-04-30 14:10:23.339111+00
29	digital_store	0011_remove_profileuser_address_alter_profileuser_image	2026-05-01 10:52:44.421123+00
30	digital_store	0012_alter_profileuser_image	2026-05-01 10:52:44.427038+00
31	digital_store	0013_rename_buyer_order_user_remove_product_seller_and_more	2026-05-04 11:15:44.612488+00
32	digital_store	0014_cart_productcart	2026-05-04 11:56:58.818874+00
33	digital_store	0015_alter_productcart_cart	2026-05-06 13:11:33.442266+00
34	digital_store	0016_alter_productcart_cart	2026-05-06 13:19:47.366855+00
35	digital_store	0017_delete_order	2026-05-08 12:47:09.990169+00
36	digital_store	0018_order_productorder	2026-05-08 12:47:33.20609+00
37	digital_store	0019_alter_order_price	2026-05-08 12:47:53.943851+00
38	digital_store	0020_remove_productorder_order_and_more	2026-05-08 12:55:24.615069+00
39	digital_store	0021_delivery_order_productorder	2026-05-08 12:55:40.643654+00
40	digital_store	0022_remove_order_delivery_alter_productorder_options_and_more	2026-05-12 11:44:35.009086+00
41	digital_store	0023_alter_productcart_product	2026-05-12 12:43:12.357135+00
42	digital_store	0024_alter_productcart_product_alter_productorder_product	2026-05-12 12:45:17.60514+00
43	digital_store	0025_alter_productorder_order_alter_productorder_product	2026-05-12 13:10:00.646941+00
44	digital_store	0026_alter_product_is_active	2026-05-13 11:16:19.026928+00
\.


--
-- Data for Name: django_session; Type: TABLE DATA; Schema: public; Owner: myuser
--

COPY public.django_session (session_key, session_data, expire_date) FROM stdin;
3njom6w9i4upxekyc7ty47pdgjtgwt4r	.eJxVjEEOwiAUBe_C2hBAQXDp3jOQD_8hVUOT0q6Md7dNutDtzLz3FpGWucalY4oDi4vQ4vDLEuUn2ib4Qe0-yjy2eRqS3BK52y5vI-N13du_g0q9rmuEXAx745RPMBbuzEcmBU9eg222idOKTlBaUwFCYJcdW6YQlFFFfL4LeDj6:1wEjUj:pRCAgsc1LwnA0uxEdJU_d8DtjF_xXuy2Usoe_s7bV3w	2026-05-04 07:56:37.029361+00
o6aqvkr5piv4g39b0sq4xhw287iephh8	.eJxVjEEOwiAUBe_C2hBAQXDp3jOQD_8hVUOT0q6Md7dNutDtzLz3FpGWucalY4oDi4vQ4vDLEuUn2ib4Qe0-yjy2eRqS3BK52y5vI-N13du_g0q9rmuEXAx745RPMBbuzEcmBU9eg222idOKTlBaUwFCYJcdW6YQlFFFfL4LeDj6:1wGCuR:NSB5UKkVJ-sNvEoS21OnTJpiwrfGwpN89UOMFYa-HB8	2026-05-08 09:33:15.520454+00
38pa06e4u62h8ma1rx9mx5lzfes7gpcu	.eJxVjMsOwiAUBf-FtSGABXNduvcbCPeBVA0kpV01_rtt0oVuz8yZVcW0zCUuXaY4sroqq06_GyZ6Sd0BP1N9NE2tztOIelf0Qbu-N5b37XD_AiX1sr0FgiPDF_FClj1yTp7JG7SWcMsgDdkBCWQXAAIYcURiwQ6CXvCsPl8jQzl7:1wIRE6:rli_2yf_SHzKNJlRrGrL_rwKpCTwiuB7Foqzmw6L_AU	2026-05-14 13:14:46.025452+00
m1xkur3o3bjsz664fi8mt3dusflb0kh2	.eJxVjMsOwiAUBf-FtSGABXNduvcbCPeBVA0kpV01_rtt0oVuz8yZVcW0zCUuXaY4sroqq06_GyZ6Sd0BP1N9NE2tztOIelf0Qbu-N5b37XD_AiX1sr0FgiPDF_FClj1yTp7JG7SWcMsgDdkBCWQXAAIYcURiwQ6CXvCsPl8jQzl7:1wIM2N:BUzQsnJhwzSh01kAro-qVom3OdLgUlg5G5S-ErGNrGY	2026-05-14 07:42:19.25103+00
202m1bfbc3ija8uo7732r6zxxdtzrdnt	.eJxVjMsOwiAQRf-FtSG8Cy7d-w2EgRmpGkhKuzL-uzbpQrf3nHNfLKZtrXEbuMS5sDOT7PS7QcoPbDso99Runefe1mUGviv8oINfe8Hn5XD_Dmoa9VujSM4QIBWgKaAlEGAdZanJGx-0zWryIFwgF7KQKEEraw1CsKSKlOz9AQupOD8:1wLKlO:bkV3azDkEiR8801eLCc_J4niu6zhALIgfhikpdqUZcI	2026-05-22 12:57:06.210353+00
j2bhmero9xk9elcig9a7lp9osy5hov60	.eJxVjMsOwiAQRf-FtSG8Cy7d-w2EgRmpGkhKuzL-uzbpQrf3nHNfLKZtrXEbuMS5sDOT7PS7QcoPbDso99Runefe1mUGviv8oINfe8Hn5XD_Dmoa9VujSM4QIBWgKaAlEGAdZanJGx-0zWryIFwgF7KQKEEraw1CsKSKlOz9AQupOD8:1wLKlO:bkV3azDkEiR8801eLCc_J4niu6zhALIgfhikpdqUZcI	2026-05-22 12:57:06.29994+00
rh3p779l4lvbawqlzhr9wn01rz0t705z	.eJxVjMsOwiAQRf-FtSG8Cy7d-w2EgRmpGkhKuzL-uzbpQrf3nHNfLKZtrXEbuMS5sDOT7PS7QcoPbDso99Runefe1mUGviv8oINfe8Hn5XD_Dmoa9VujSM4QIBWgKaAlEGAdZanJGx-0zWryIFwgF7KQKEEraw1CsKSKlOz9AQupOD8:1wN9Br:QwtkYxhiw3wnVpOfykXfl9ogsQe117D4-cNNIEZmN1M	2026-05-27 12:59:55.127963+00
h8xs98ec0b3ezufb0jo0g9ub2n99j4tq	.eJxVjMsOwiAQRf-FtSG8Cy7d-w2EgRmpGkhKuzL-uzbpQrf3nHNfLKZtrXEbuMS5sDOT7PS7QcoPbDso99Runefe1mUGviv8oINfe8Hn5XD_Dmoa9VujSM4QIBWgKaAlEGAdZanJGx-0zWryIFwgF7KQKEEraw1CsKSKlOz9AQupOD8:1wN9Br:QwtkYxhiw3wnVpOfykXfl9ogsQe117D4-cNNIEZmN1M	2026-05-27 12:59:55.361128+00
\.


--
-- Name: auth_group_id_seq; Type: SEQUENCE SET; Schema: public; Owner: myuser
--

SELECT pg_catalog.setval('public.auth_group_id_seq', 1, false);


--
-- Name: auth_group_permissions_id_seq; Type: SEQUENCE SET; Schema: public; Owner: myuser
--

SELECT pg_catalog.setval('public.auth_group_permissions_id_seq', 1, false);


--
-- Name: auth_permission_id_seq; Type: SEQUENCE SET; Schema: public; Owner: myuser
--

SELECT pg_catalog.setval('public.auth_permission_id_seq', 64, true);


--
-- Name: auth_user_groups_id_seq; Type: SEQUENCE SET; Schema: public; Owner: myuser
--

SELECT pg_catalog.setval('public.auth_user_groups_id_seq', 1, false);


--
-- Name: auth_user_id_seq; Type: SEQUENCE SET; Schema: public; Owner: myuser
--

SELECT pg_catalog.setval('public.auth_user_id_seq', 12, true);


--
-- Name: auth_user_user_permissions_id_seq; Type: SEQUENCE SET; Schema: public; Owner: myuser
--

SELECT pg_catalog.setval('public.auth_user_user_permissions_id_seq', 1, false);


--
-- Name: digital_store_brand_id_seq; Type: SEQUENCE SET; Schema: public; Owner: myuser
--

SELECT pg_catalog.setval('public.digital_store_brand_id_seq', 8, true);


--
-- Name: digital_store_cart_id_seq; Type: SEQUENCE SET; Schema: public; Owner: myuser
--

SELECT pg_catalog.setval('public.digital_store_cart_id_seq', 2, true);


--
-- Name: digital_store_category_id_seq; Type: SEQUENCE SET; Schema: public; Owner: myuser
--

SELECT pg_catalog.setval('public.digital_store_category_id_seq', 29, true);


--
-- Name: digital_store_order_id_seq; Type: SEQUENCE SET; Schema: public; Owner: myuser
--

SELECT pg_catalog.setval('public.digital_store_order_id_seq', 63, true);


--
-- Name: digital_store_product_id_seq; Type: SEQUENCE SET; Schema: public; Owner: myuser
--

SELECT pg_catalog.setval('public.digital_store_product_id_seq', 10, true);


--
-- Name: digital_store_productcart_id_seq; Type: SEQUENCE SET; Schema: public; Owner: myuser
--

SELECT pg_catalog.setval('public.digital_store_productcart_id_seq', 77, true);


--
-- Name: digital_store_productimage_id_seq; Type: SEQUENCE SET; Schema: public; Owner: myuser
--

SELECT pg_catalog.setval('public.digital_store_productimage_id_seq', 31, true);


--
-- Name: digital_store_productorder_id_seq; Type: SEQUENCE SET; Schema: public; Owner: myuser
--

SELECT pg_catalog.setval('public.digital_store_productorder_id_seq', 71, true);


--
-- Name: digital_store_profileuser_id_seq; Type: SEQUENCE SET; Schema: public; Owner: myuser
--

SELECT pg_catalog.setval('public.digital_store_profileuser_id_seq', 8, true);


--
-- Name: django_admin_log_id_seq; Type: SEQUENCE SET; Schema: public; Owner: myuser
--

SELECT pg_catalog.setval('public.django_admin_log_id_seq', 73, true);


--
-- Name: django_content_type_id_seq; Type: SEQUENCE SET; Schema: public; Owner: myuser
--

SELECT pg_catalog.setval('public.django_content_type_id_seq', 16, true);


--
-- Name: django_migrations_id_seq; Type: SEQUENCE SET; Schema: public; Owner: myuser
--

SELECT pg_catalog.setval('public.django_migrations_id_seq', 44, true);


--
-- Name: auth_group auth_group_name_key; Type: CONSTRAINT; Schema: public; Owner: myuser
--

ALTER TABLE ONLY public.auth_group
    ADD CONSTRAINT auth_group_name_key UNIQUE (name);


--
-- Name: auth_group_permissions auth_group_permissions_group_id_permission_id_0cd325b0_uniq; Type: CONSTRAINT; Schema: public; Owner: myuser
--

ALTER TABLE ONLY public.auth_group_permissions
    ADD CONSTRAINT auth_group_permissions_group_id_permission_id_0cd325b0_uniq UNIQUE (group_id, permission_id);


--
-- Name: auth_group_permissions auth_group_permissions_pkey; Type: CONSTRAINT; Schema: public; Owner: myuser
--

ALTER TABLE ONLY public.auth_group_permissions
    ADD CONSTRAINT auth_group_permissions_pkey PRIMARY KEY (id);


--
-- Name: auth_group auth_group_pkey; Type: CONSTRAINT; Schema: public; Owner: myuser
--

ALTER TABLE ONLY public.auth_group
    ADD CONSTRAINT auth_group_pkey PRIMARY KEY (id);


--
-- Name: auth_permission auth_permission_content_type_id_codename_01ab375a_uniq; Type: CONSTRAINT; Schema: public; Owner: myuser
--

ALTER TABLE ONLY public.auth_permission
    ADD CONSTRAINT auth_permission_content_type_id_codename_01ab375a_uniq UNIQUE (content_type_id, codename);


--
-- Name: auth_permission auth_permission_pkey; Type: CONSTRAINT; Schema: public; Owner: myuser
--

ALTER TABLE ONLY public.auth_permission
    ADD CONSTRAINT auth_permission_pkey PRIMARY KEY (id);


--
-- Name: auth_user_groups auth_user_groups_pkey; Type: CONSTRAINT; Schema: public; Owner: myuser
--

ALTER TABLE ONLY public.auth_user_groups
    ADD CONSTRAINT auth_user_groups_pkey PRIMARY KEY (id);


--
-- Name: auth_user_groups auth_user_groups_user_id_group_id_94350c0c_uniq; Type: CONSTRAINT; Schema: public; Owner: myuser
--

ALTER TABLE ONLY public.auth_user_groups
    ADD CONSTRAINT auth_user_groups_user_id_group_id_94350c0c_uniq UNIQUE (user_id, group_id);


--
-- Name: auth_user auth_user_pkey; Type: CONSTRAINT; Schema: public; Owner: myuser
--

ALTER TABLE ONLY public.auth_user
    ADD CONSTRAINT auth_user_pkey PRIMARY KEY (id);


--
-- Name: auth_user_user_permissions auth_user_user_permissions_pkey; Type: CONSTRAINT; Schema: public; Owner: myuser
--

ALTER TABLE ONLY public.auth_user_user_permissions
    ADD CONSTRAINT auth_user_user_permissions_pkey PRIMARY KEY (id);


--
-- Name: auth_user_user_permissions auth_user_user_permissions_user_id_permission_id_14a6b632_uniq; Type: CONSTRAINT; Schema: public; Owner: myuser
--

ALTER TABLE ONLY public.auth_user_user_permissions
    ADD CONSTRAINT auth_user_user_permissions_user_id_permission_id_14a6b632_uniq UNIQUE (user_id, permission_id);


--
-- Name: auth_user auth_user_username_key; Type: CONSTRAINT; Schema: public; Owner: myuser
--

ALTER TABLE ONLY public.auth_user
    ADD CONSTRAINT auth_user_username_key UNIQUE (username);


--
-- Name: digital_store_brand digital_store_brand_pkey; Type: CONSTRAINT; Schema: public; Owner: myuser
--

ALTER TABLE ONLY public.digital_store_brand
    ADD CONSTRAINT digital_store_brand_pkey PRIMARY KEY (id);


--
-- Name: digital_store_brand digital_store_brand_slug_key; Type: CONSTRAINT; Schema: public; Owner: myuser
--

ALTER TABLE ONLY public.digital_store_brand
    ADD CONSTRAINT digital_store_brand_slug_key UNIQUE (slug);


--
-- Name: digital_store_cart digital_store_cart_pkey; Type: CONSTRAINT; Schema: public; Owner: myuser
--

ALTER TABLE ONLY public.digital_store_cart
    ADD CONSTRAINT digital_store_cart_pkey PRIMARY KEY (id);


--
-- Name: digital_store_cart digital_store_cart_user_id_key; Type: CONSTRAINT; Schema: public; Owner: myuser
--

ALTER TABLE ONLY public.digital_store_cart
    ADD CONSTRAINT digital_store_cart_user_id_key UNIQUE (user_id);


--
-- Name: digital_store_category digital_store_category_pkey; Type: CONSTRAINT; Schema: public; Owner: myuser
--

ALTER TABLE ONLY public.digital_store_category
    ADD CONSTRAINT digital_store_category_pkey PRIMARY KEY (id);


--
-- Name: digital_store_category digital_store_category_slug_key; Type: CONSTRAINT; Schema: public; Owner: myuser
--

ALTER TABLE ONLY public.digital_store_category
    ADD CONSTRAINT digital_store_category_slug_key UNIQUE (slug);


--
-- Name: digital_store_order digital_store_order_pkey; Type: CONSTRAINT; Schema: public; Owner: myuser
--

ALTER TABLE ONLY public.digital_store_order
    ADD CONSTRAINT digital_store_order_pkey PRIMARY KEY (id);


--
-- Name: digital_store_product digital_store_product_pkey; Type: CONSTRAINT; Schema: public; Owner: myuser
--

ALTER TABLE ONLY public.digital_store_product
    ADD CONSTRAINT digital_store_product_pkey PRIMARY KEY (id);


--
-- Name: digital_store_product digital_store_product_slug_key; Type: CONSTRAINT; Schema: public; Owner: myuser
--

ALTER TABLE ONLY public.digital_store_product
    ADD CONSTRAINT digital_store_product_slug_key UNIQUE (slug);


--
-- Name: digital_store_productcart digital_store_productcart_pkey; Type: CONSTRAINT; Schema: public; Owner: myuser
--

ALTER TABLE ONLY public.digital_store_productcart
    ADD CONSTRAINT digital_store_productcart_pkey PRIMARY KEY (id);


--
-- Name: digital_store_productimage digital_store_productimage_pkey; Type: CONSTRAINT; Schema: public; Owner: myuser
--

ALTER TABLE ONLY public.digital_store_productimage
    ADD CONSTRAINT digital_store_productimage_pkey PRIMARY KEY (id);


--
-- Name: digital_store_productorder digital_store_productorder_pkey; Type: CONSTRAINT; Schema: public; Owner: myuser
--

ALTER TABLE ONLY public.digital_store_productorder
    ADD CONSTRAINT digital_store_productorder_pkey PRIMARY KEY (id);


--
-- Name: digital_store_profileuser digital_store_profileuser_pkey; Type: CONSTRAINT; Schema: public; Owner: myuser
--

ALTER TABLE ONLY public.digital_store_profileuser
    ADD CONSTRAINT digital_store_profileuser_pkey PRIMARY KEY (id);


--
-- Name: digital_store_profileuser digital_store_profileuser_user_id_key; Type: CONSTRAINT; Schema: public; Owner: myuser
--

ALTER TABLE ONLY public.digital_store_profileuser
    ADD CONSTRAINT digital_store_profileuser_user_id_key UNIQUE (user_id);


--
-- Name: django_admin_log django_admin_log_pkey; Type: CONSTRAINT; Schema: public; Owner: myuser
--

ALTER TABLE ONLY public.django_admin_log
    ADD CONSTRAINT django_admin_log_pkey PRIMARY KEY (id);


--
-- Name: django_content_type django_content_type_app_label_model_76bd3d3b_uniq; Type: CONSTRAINT; Schema: public; Owner: myuser
--

ALTER TABLE ONLY public.django_content_type
    ADD CONSTRAINT django_content_type_app_label_model_76bd3d3b_uniq UNIQUE (app_label, model);


--
-- Name: django_content_type django_content_type_pkey; Type: CONSTRAINT; Schema: public; Owner: myuser
--

ALTER TABLE ONLY public.django_content_type
    ADD CONSTRAINT django_content_type_pkey PRIMARY KEY (id);


--
-- Name: django_migrations django_migrations_pkey; Type: CONSTRAINT; Schema: public; Owner: myuser
--

ALTER TABLE ONLY public.django_migrations
    ADD CONSTRAINT django_migrations_pkey PRIMARY KEY (id);


--
-- Name: django_session django_session_pkey; Type: CONSTRAINT; Schema: public; Owner: myuser
--

ALTER TABLE ONLY public.django_session
    ADD CONSTRAINT django_session_pkey PRIMARY KEY (session_key);


--
-- Name: auth_group_name_a6ea08ec_like; Type: INDEX; Schema: public; Owner: myuser
--

CREATE INDEX auth_group_name_a6ea08ec_like ON public.auth_group USING btree (name varchar_pattern_ops);


--
-- Name: auth_group_permissions_group_id_b120cbf9; Type: INDEX; Schema: public; Owner: myuser
--

CREATE INDEX auth_group_permissions_group_id_b120cbf9 ON public.auth_group_permissions USING btree (group_id);


--
-- Name: auth_group_permissions_permission_id_84c5c92e; Type: INDEX; Schema: public; Owner: myuser
--

CREATE INDEX auth_group_permissions_permission_id_84c5c92e ON public.auth_group_permissions USING btree (permission_id);


--
-- Name: auth_permission_content_type_id_2f476e4b; Type: INDEX; Schema: public; Owner: myuser
--

CREATE INDEX auth_permission_content_type_id_2f476e4b ON public.auth_permission USING btree (content_type_id);


--
-- Name: auth_user_groups_group_id_97559544; Type: INDEX; Schema: public; Owner: myuser
--

CREATE INDEX auth_user_groups_group_id_97559544 ON public.auth_user_groups USING btree (group_id);


--
-- Name: auth_user_groups_user_id_6a12ed8b; Type: INDEX; Schema: public; Owner: myuser
--

CREATE INDEX auth_user_groups_user_id_6a12ed8b ON public.auth_user_groups USING btree (user_id);


--
-- Name: auth_user_user_permissions_permission_id_1fbb5f2c; Type: INDEX; Schema: public; Owner: myuser
--

CREATE INDEX auth_user_user_permissions_permission_id_1fbb5f2c ON public.auth_user_user_permissions USING btree (permission_id);


--
-- Name: auth_user_user_permissions_user_id_a95ead1b; Type: INDEX; Schema: public; Owner: myuser
--

CREATE INDEX auth_user_user_permissions_user_id_a95ead1b ON public.auth_user_user_permissions USING btree (user_id);


--
-- Name: auth_user_username_6821ab7c_like; Type: INDEX; Schema: public; Owner: myuser
--

CREATE INDEX auth_user_username_6821ab7c_like ON public.auth_user USING btree (username varchar_pattern_ops);


--
-- Name: digital_store_brand_slug_68ea4f16_like; Type: INDEX; Schema: public; Owner: myuser
--

CREATE INDEX digital_store_brand_slug_68ea4f16_like ON public.digital_store_brand USING btree (slug varchar_pattern_ops);


--
-- Name: digital_store_category_slug_97dd8c34_like; Type: INDEX; Schema: public; Owner: myuser
--

CREATE INDEX digital_store_category_slug_97dd8c34_like ON public.digital_store_category USING btree (slug varchar_pattern_ops);


--
-- Name: digital_store_order_user_id_36fbdb85; Type: INDEX; Schema: public; Owner: myuser
--

CREATE INDEX digital_store_order_user_id_36fbdb85 ON public.digital_store_order USING btree (user_id);


--
-- Name: digital_store_product_brand_id_e0f52032; Type: INDEX; Schema: public; Owner: myuser
--

CREATE INDEX digital_store_product_brand_id_e0f52032 ON public.digital_store_product USING btree (brand_id);


--
-- Name: digital_store_product_category_id_575cc84f; Type: INDEX; Schema: public; Owner: myuser
--

CREATE INDEX digital_store_product_category_id_575cc84f ON public.digital_store_product USING btree (category_id);


--
-- Name: digital_store_product_slug_37f713fd_like; Type: INDEX; Schema: public; Owner: myuser
--

CREATE INDEX digital_store_product_slug_37f713fd_like ON public.digital_store_product USING btree (slug varchar_pattern_ops);


--
-- Name: digital_store_productcart_cart_id_b6d0eea9; Type: INDEX; Schema: public; Owner: myuser
--

CREATE INDEX digital_store_productcart_cart_id_b6d0eea9 ON public.digital_store_productcart USING btree (cart_id);


--
-- Name: digital_store_productcart_product_id_bbd94a2e; Type: INDEX; Schema: public; Owner: myuser
--

CREATE INDEX digital_store_productcart_product_id_bbd94a2e ON public.digital_store_productcart USING btree (product_id);


--
-- Name: digital_store_productimage_product_id_30161d62; Type: INDEX; Schema: public; Owner: myuser
--

CREATE INDEX digital_store_productimage_product_id_30161d62 ON public.digital_store_productimage USING btree (product_id);


--
-- Name: digital_store_productorder_order_id_b26f45d5; Type: INDEX; Schema: public; Owner: myuser
--

CREATE INDEX digital_store_productorder_order_id_b26f45d5 ON public.digital_store_productorder USING btree (order_id);


--
-- Name: digital_store_productorder_product_id_bb5f09c2; Type: INDEX; Schema: public; Owner: myuser
--

CREATE INDEX digital_store_productorder_product_id_bb5f09c2 ON public.digital_store_productorder USING btree (product_id);


--
-- Name: django_admin_log_content_type_id_c4bce8eb; Type: INDEX; Schema: public; Owner: myuser
--

CREATE INDEX django_admin_log_content_type_id_c4bce8eb ON public.django_admin_log USING btree (content_type_id);


--
-- Name: django_admin_log_user_id_c564eba6; Type: INDEX; Schema: public; Owner: myuser
--

CREATE INDEX django_admin_log_user_id_c564eba6 ON public.django_admin_log USING btree (user_id);


--
-- Name: django_session_expire_date_a5c62663; Type: INDEX; Schema: public; Owner: myuser
--

CREATE INDEX django_session_expire_date_a5c62663 ON public.django_session USING btree (expire_date);


--
-- Name: django_session_session_key_c0390e0f_like; Type: INDEX; Schema: public; Owner: myuser
--

CREATE INDEX django_session_session_key_c0390e0f_like ON public.django_session USING btree (session_key varchar_pattern_ops);


--
-- Name: auth_group_permissions auth_group_permissio_permission_id_84c5c92e_fk_auth_perm; Type: FK CONSTRAINT; Schema: public; Owner: myuser
--

ALTER TABLE ONLY public.auth_group_permissions
    ADD CONSTRAINT auth_group_permissio_permission_id_84c5c92e_fk_auth_perm FOREIGN KEY (permission_id) REFERENCES public.auth_permission(id) DEFERRABLE INITIALLY DEFERRED;


--
-- Name: auth_group_permissions auth_group_permissions_group_id_b120cbf9_fk_auth_group_id; Type: FK CONSTRAINT; Schema: public; Owner: myuser
--

ALTER TABLE ONLY public.auth_group_permissions
    ADD CONSTRAINT auth_group_permissions_group_id_b120cbf9_fk_auth_group_id FOREIGN KEY (group_id) REFERENCES public.auth_group(id) DEFERRABLE INITIALLY DEFERRED;


--
-- Name: auth_permission auth_permission_content_type_id_2f476e4b_fk_django_co; Type: FK CONSTRAINT; Schema: public; Owner: myuser
--

ALTER TABLE ONLY public.auth_permission
    ADD CONSTRAINT auth_permission_content_type_id_2f476e4b_fk_django_co FOREIGN KEY (content_type_id) REFERENCES public.django_content_type(id) DEFERRABLE INITIALLY DEFERRED;


--
-- Name: auth_user_groups auth_user_groups_group_id_97559544_fk_auth_group_id; Type: FK CONSTRAINT; Schema: public; Owner: myuser
--

ALTER TABLE ONLY public.auth_user_groups
    ADD CONSTRAINT auth_user_groups_group_id_97559544_fk_auth_group_id FOREIGN KEY (group_id) REFERENCES public.auth_group(id) DEFERRABLE INITIALLY DEFERRED;


--
-- Name: auth_user_groups auth_user_groups_user_id_6a12ed8b_fk_auth_user_id; Type: FK CONSTRAINT; Schema: public; Owner: myuser
--

ALTER TABLE ONLY public.auth_user_groups
    ADD CONSTRAINT auth_user_groups_user_id_6a12ed8b_fk_auth_user_id FOREIGN KEY (user_id) REFERENCES public.auth_user(id) DEFERRABLE INITIALLY DEFERRED;


--
-- Name: auth_user_user_permissions auth_user_user_permi_permission_id_1fbb5f2c_fk_auth_perm; Type: FK CONSTRAINT; Schema: public; Owner: myuser
--

ALTER TABLE ONLY public.auth_user_user_permissions
    ADD CONSTRAINT auth_user_user_permi_permission_id_1fbb5f2c_fk_auth_perm FOREIGN KEY (permission_id) REFERENCES public.auth_permission(id) DEFERRABLE INITIALLY DEFERRED;


--
-- Name: auth_user_user_permissions auth_user_user_permissions_user_id_a95ead1b_fk_auth_user_id; Type: FK CONSTRAINT; Schema: public; Owner: myuser
--

ALTER TABLE ONLY public.auth_user_user_permissions
    ADD CONSTRAINT auth_user_user_permissions_user_id_a95ead1b_fk_auth_user_id FOREIGN KEY (user_id) REFERENCES public.auth_user(id) DEFERRABLE INITIALLY DEFERRED;


--
-- Name: digital_store_cart digital_store_cart_user_id_3e93b815_fk_auth_user_id; Type: FK CONSTRAINT; Schema: public; Owner: myuser
--

ALTER TABLE ONLY public.digital_store_cart
    ADD CONSTRAINT digital_store_cart_user_id_3e93b815_fk_auth_user_id FOREIGN KEY (user_id) REFERENCES public.auth_user(id) DEFERRABLE INITIALLY DEFERRED;


--
-- Name: digital_store_order digital_store_order_user_id_36fbdb85_fk_auth_user_id; Type: FK CONSTRAINT; Schema: public; Owner: myuser
--

ALTER TABLE ONLY public.digital_store_order
    ADD CONSTRAINT digital_store_order_user_id_36fbdb85_fk_auth_user_id FOREIGN KEY (user_id) REFERENCES public.auth_user(id) DEFERRABLE INITIALLY DEFERRED;


--
-- Name: digital_store_product digital_store_produc_brand_id_e0f52032_fk_digital_s; Type: FK CONSTRAINT; Schema: public; Owner: myuser
--

ALTER TABLE ONLY public.digital_store_product
    ADD CONSTRAINT digital_store_produc_brand_id_e0f52032_fk_digital_s FOREIGN KEY (brand_id) REFERENCES public.digital_store_brand(id) DEFERRABLE INITIALLY DEFERRED;


--
-- Name: digital_store_productcart digital_store_produc_cart_id_b6d0eea9_fk_digital_s; Type: FK CONSTRAINT; Schema: public; Owner: myuser
--

ALTER TABLE ONLY public.digital_store_productcart
    ADD CONSTRAINT digital_store_produc_cart_id_b6d0eea9_fk_digital_s FOREIGN KEY (cart_id) REFERENCES public.digital_store_cart(id) DEFERRABLE INITIALLY DEFERRED;


--
-- Name: digital_store_product digital_store_produc_category_id_575cc84f_fk_digital_s; Type: FK CONSTRAINT; Schema: public; Owner: myuser
--

ALTER TABLE ONLY public.digital_store_product
    ADD CONSTRAINT digital_store_produc_category_id_575cc84f_fk_digital_s FOREIGN KEY (category_id) REFERENCES public.digital_store_category(id) DEFERRABLE INITIALLY DEFERRED;


--
-- Name: digital_store_productorder digital_store_produc_order_id_b26f45d5_fk_digital_s; Type: FK CONSTRAINT; Schema: public; Owner: myuser
--

ALTER TABLE ONLY public.digital_store_productorder
    ADD CONSTRAINT digital_store_produc_order_id_b26f45d5_fk_digital_s FOREIGN KEY (order_id) REFERENCES public.digital_store_order(id) DEFERRABLE INITIALLY DEFERRED;


--
-- Name: digital_store_productimage digital_store_produc_product_id_30161d62_fk_digital_s; Type: FK CONSTRAINT; Schema: public; Owner: myuser
--

ALTER TABLE ONLY public.digital_store_productimage
    ADD CONSTRAINT digital_store_produc_product_id_30161d62_fk_digital_s FOREIGN KEY (product_id) REFERENCES public.digital_store_product(id) DEFERRABLE INITIALLY DEFERRED;


--
-- Name: digital_store_productorder digital_store_produc_product_id_bb5f09c2_fk_digital_s; Type: FK CONSTRAINT; Schema: public; Owner: myuser
--

ALTER TABLE ONLY public.digital_store_productorder
    ADD CONSTRAINT digital_store_produc_product_id_bb5f09c2_fk_digital_s FOREIGN KEY (product_id) REFERENCES public.digital_store_product(id) DEFERRABLE INITIALLY DEFERRED;


--
-- Name: digital_store_productcart digital_store_produc_product_id_bbd94a2e_fk_digital_s; Type: FK CONSTRAINT; Schema: public; Owner: myuser
--

ALTER TABLE ONLY public.digital_store_productcart
    ADD CONSTRAINT digital_store_produc_product_id_bbd94a2e_fk_digital_s FOREIGN KEY (product_id) REFERENCES public.digital_store_product(id) DEFERRABLE INITIALLY DEFERRED;


--
-- Name: digital_store_profileuser digital_store_profileuser_user_id_cf6211a1_fk_auth_user_id; Type: FK CONSTRAINT; Schema: public; Owner: myuser
--

ALTER TABLE ONLY public.digital_store_profileuser
    ADD CONSTRAINT digital_store_profileuser_user_id_cf6211a1_fk_auth_user_id FOREIGN KEY (user_id) REFERENCES public.auth_user(id) DEFERRABLE INITIALLY DEFERRED;


--
-- Name: django_admin_log django_admin_log_content_type_id_c4bce8eb_fk_django_co; Type: FK CONSTRAINT; Schema: public; Owner: myuser
--

ALTER TABLE ONLY public.django_admin_log
    ADD CONSTRAINT django_admin_log_content_type_id_c4bce8eb_fk_django_co FOREIGN KEY (content_type_id) REFERENCES public.django_content_type(id) DEFERRABLE INITIALLY DEFERRED;


--
-- Name: django_admin_log django_admin_log_user_id_c564eba6_fk_auth_user_id; Type: FK CONSTRAINT; Schema: public; Owner: myuser
--

ALTER TABLE ONLY public.django_admin_log
    ADD CONSTRAINT django_admin_log_user_id_c564eba6_fk_auth_user_id FOREIGN KEY (user_id) REFERENCES public.auth_user(id) DEFERRABLE INITIALLY DEFERRED;


--
-- Name: SCHEMA public; Type: ACL; Schema: -; Owner: pg_database_owner
--

GRANT ALL ON SCHEMA public TO myuser;


--
-- PostgreSQL database dump complete
--

\unrestrict etvaKwsOtlb7pJVS7VpE0BzORhBMguapfEo50TSYsokQNHc5vfN9X0wCZfe3Dow

